Question#,Recode,InstrumentVariableName,FinalDocName,ProcessingVariableLabel,Location,Length,
IDN.000_00.000,,,RECTYPE,File type identifier,1 - 2,2,6
IDN.000_02.000,,,SRVY_YR,Year of National Health Interview Survey,3 - 6,4,
IDN.000_04.000,,,HHX,Household Number,7 - 12,6,
IDN.000_25.000,,,INTV_QRT,Interview Quarter,13,1,
IDN.000_30.000,,,INTV_MON,Interview Month,14 -15,2,
IDN.000_35.000,,,FMX,Family Number,16 -17,2,
IDN.000_40.000,,FPX,FPX,Person Number (Within family),18 -19,2,
IDN.000_65.000,,,WTIA_SA,Weight - Interim Annual,20 -26,7,
IDN.000_70.000,,,WTFA_SA,Weight - Final Annual,27 -32,6,
UCF.000_00.000,R09 RECODE,,REGION,Region,33,1,
UCF.000_00.000,R15 RECODE,,STRAT_P,Pseudo-stratum for public use file variance estimation,34 -36,3,
UCF.000_00.000,R16 RECODE,,PSU_P,Pseudo-PSU for public use file variance estimation,37 -38,2,
HHC.110_00.000,,SEX,SEX,Sex,39,1,
HHC.180_00.000,R03 RECODE,,HISPAN_I,Hispanic subgroup detail,40 -41,2,
HHC.200_01.000,R13 RECODE,,RACERPI2,OMB groups w/multiple race,42 -43,2,
HHC.200_01.000,R21 RECODE,,MRACRPI2,Race coded to single/multiple race group,44 -45,2,
HHC.200_01.000,R22 RECODE,,MRACBPI2,Race coded to single/multiple race group,46 -47,2,
HHC.420_00.000,R01 RECODE,,AGE_P,Age,48 -49,2,
FRT.002_00.000,,AFD_FLG,AFD_FLG,Adult Functioning and Disability flag,50,1,
FID.250_00.000,,MS1-MS25,R_MARITL,Marital Status,51,1,
AID.005_00.000,,SADULT,PROXYSA,Sample adult status,52,1,
AID.010_00.000,,PROX1,PROX1,Knowledgeable proxy for Sample Adult available,53,1,
AID.015_00.000,,PROX2,PROX2,Relationship of SA proxy to SA,54,1,
AID.550_00.000,,,LATEINTA,Late Sample Adult interviews,55,1,
FDB.001_00.000,,FDRN_FLG,FDRN_FLG,Disability Questions Test flag,56,1,
ASD.062_00.000,,DOINGLW2,DOINGLWA,Corrected employment status last week,57,1,
ASD.065_00.000,,WHYNOWK2,WHYNOWKA,Main reason for not working last week,58 - 59,2,
ASD.066_00.000,,EVERWRK,EVERWRK,Ever worked,60,1,
ASD.080_00.000,R05 RECODE,,INDSTRN1,Detailed industry classification (based on 2007 NAICS codes from Census),61 - 62,2,
ASD.080_00.000,R06 RECODE,,INDSTRN2,Simple industry classification (based on 2007 NAICS Codes from Census),63 - 64,2,
ASD.090_00.000,R05 RECODE,,OCCUPN1,Detailed occupation classification (based on 2010 SOC codes from Census),65 - 66,2,
ASD.090_00.000,R06 RECODE,,OCCUPN2,Simple occupation classification (based on 2010 SOC codes from Census),67 - 68,2,
ASD.110_00.000,,WRKCAT,WRKCATA,Class of worker,69,1,
ASD.112_00.000,,BUSINC,BUSINC1A,Current job an incorporated business,70,1,
ASD.120_00.000,,LOCALLNO,LOCALL1A,Number of employees at work,71 - 72,2,
ASD.140_02.000,RECODE,,YRSWRKPA,Number of years on the job,73 - 74,2,
ASD.146_00.000,,WRKLONGH,WRKLONGH,Current/most recent job also longest held job,75,1,
ASD.150_00.000,,HOURPD,HOURPDA,Paid by the hour at current or most recent job,76,1,
ASD.160_00.000,,PDSICK,PDSICKA,Paid sick leave at current or most recent job,77,1,
ASD.170_00.000,,ONEJOB,ONEJOB,Have more than one job,78,1,
ASD.210_00.000,RECODE,WRKLYR2,WRKLYR4,"Work status: last week, past 12 months",79,1,
ASD.215_00.010,,SCHOOLYR,SCHOOLYR,"Attended any kind of school, past 12 months",80,1,
ACN.010_00.000,,HYPEV,HYPEV,Ever been told you have hypertension,81,1,
ACN.020_00.000,,HYPDIFV,HYPDIFV,Ever had hypertension on 2+ visits,82,1,
ACN.020_00.010,,HYPYR,HYPYR,"Had hypertension, past 12 months",83,1,
ACN.031_01.000,,CHDEV,CHDEV,Ever been told you had coronary heart disease,84,1,
ACN.031_01.010,,CHDYR,CHDYR,"Had coronary heart disease, past 12 months",85,1,
ACN.031_02.000,,ANGEV,ANGEV,Ever been told you had angina pectoris,86,1,
ACN.031_03.000,,MIEV,MIEV,Ever been told you had a heart attack,87,1,
ACN.031_04.000,,HRTEV,HRTEV,Ever been told you had a heart condition/disease,88,1,
ACN.031_04.010,,HRTYR,HRTYR,"Had other heart condition, past 12 months",89,1,
ACN.031_05.000,,STREV,STREV,Ever been told you had a stroke,90,1,
ACN.031_06.000,,EPHEV,EPHEV,Ever been told you had emphysema,91,1,
ACN.035_00.000,,COPDEV,COPDEV,Ever been told you had COPD,92,1,
ACN.040_00.010,,ASPMEDEV,ASPMEDEV,Ever been told to take low-dose aspirin,93,1,
ACN.040_00.020,,ASPMEDAD,ASPMEDAD,Following low-dose aspirin advice,94,1,
ACN.040_00.030,,ASPMDMED,ASPMDMED,Advised to stop taking low-dose aspirin,95,1,
ACN.040_00.040,,ASPONOWN,ASPONOWN,Taking low-dose aspirin on own,96,1,
ACN.080_00.000,,AASMEV,AASMEV,Ever been told you had asthma,97,1,
ACN.085_00.000,,AASSTILL,AASSTILL,Still have asthma,98,1,
ACN.090_00.000,,AASMYR,AASMYR,Had an asthma episode/attack past 12 m,99,1,
ACN.100_00.000,,AASMERYR,AASERYR1,Had visit to ER due to asthma past 12 m,100,1,
ACN.110_00.000,,ULCEV,ULCEV,Ever been told you have an ulcer,101,1,
ACN.120_00.000,,ULCYR,ULCYR,Had ulcer in past 12 m,102,1,
ACN.121_00.010,,CHLEV,CHLEV,Ever told you had high cholesterol,103,1,
ACN.121_00.020,,CHLYR,CHLYR,"Had high cholesterol, past 12 months",104,1,
ACN.121_00.030,,AFLUPNEV,AFLUPNEV,Ever told you had influenza/pneumonia,105,1,
ACN.121_00.040,,AFLUPNYR,AFLUPNYR,"Had influenza/pneumonia, past 12 months",106,1,
ACN.121_00.050,,ASTREPEV,ASTREPEV,Ever told you had strep throat/tonsillitis,107,1,
ACN.121_00.060,,ASTREPYR,ASTREPYR,"Had strep throat/tonsillitis, past 12 months",108,1,
ACN.121_00.070,,PRCIREV,PRCIREV,Ever told you had poor circulation,109,1,
ACN.121_00.080,,PRCIRYR,PRCIRYR,"Had poor circulation, past 12 months",110,1,
ACN.121_00.090,,UREV,UREV,Ever told you had urinary problems,111,1,
ACN.121_00.100,,URYR,URYR,"Had urinary problems, past 12 months",112,1,
ACN.121_00.110,,PHOBIAEV,PHOBIAEV,Ever told you had phobia or fears,113,1,
ACN.121_00.120,,PHOBIAYR,PHOBIAYR,"Had phobia or fears, past 12 months",114,1,
ACN.121_00.130,,ADDHYP1,ADDHYP1,Ever told you had ADD/ADHD,115,1,
ACN.121_00.140,,BIPDIS,BIPDIS,Ever told you had Bipolar Disorder,116,1,
ACN.121_00.150,,ADEPRSEV,ADEPRSEV,Ever told you had depression,117,1,
ACN.121_00.160,,ADEPRSYR,ADEPRSYR,"Had depression, past 12 months",118,1,
ACN.121_00.170,,MHDOTHEV,MHDOTHEV,Ever told you had other mental health disorders,119,1,
ACN.121_00.180,,MHDOTHYR,MHDOTHYR,"Had mental health disorders, past 12 months",120,1,
ACN.125_00.010,,RESPALYR,RESPALYR,"Had respiratory allergy, past 12 months",121,1,
ACN.125_00.020,,DGSTALYR,DGSTALYR,"Had digestive allergy, past 12 months",122,1,
ACN.125_00.030,,SKNALYR,SKNALYR,"Had eczema/skin allergy, past 12 months",123,1,
ACN.125_00.040,,OTHALYR,OTHALYR,"Had other allergy, past 12 months",124,1,
ACN.125_00.050,,ACIDRYR,ACIDRYR,"Had acid reflux/heartburn, past 12 months",125,1,
ACN.125_00.060,,AFEVRYR,AFEVRYR,"Had fever more than one day, past 12 months",126,1,
ACN.125_00.070,,ACOLDYR,ACOLDYR,"Had head/chest cold, past 12 months",127,1,
ACN.125_00.080,,ANAUSYR,ANAUSYR,"Had nausea/vomiting, past 12 months",128,1,
ACN.125_00.090,,ATHOTHYR,ATHOTHYR,"Had sore throat, past 12 months",129,1,
ACN.125_00.100,,IMMOTHYR,IMMOTHYR,"Had infectious diseases, past 12 months",130,1,
ACN.125_00.110,,AHEADYR,AHEADYR,"Had recurring headache, past 12 months",131,1,
ACN.125_00.120,,MEMLOSYR,MEMLOSYR,"Had memory loss, past 12 months",132,1,
ACN.125_00.130,,NEUROYR,NEUROYR,"Had neurological problems, past 12 months",133,1,
ACN.125_00.140,,AABDOMYR,AABDOMYR,"AABDOMYR Had abdominal pain, past 12 months",134,1,
ACN.125_00.150,,SPNYR,SPNYR,"Had sprains/strains, past 12 months",135,1,
ACN.125_00.160,,DENYR,DENYR,"Had dental pain, past 12 months",136,1,
ACN.125_00.170,,AMUSCLYR,AMUSCLYR,"Had muscle/bone pain, past 12 months",137,1,
ACN.125_00.180,,APNOTHYR,APNOTHYR,"Had other chronic pain, past 12 months",138,1,
ACN.125_00.190,,ALCTOBYR,ALCTOBYR,"Excessive alcohol/tobacco, past 12 months",139,1,
ACN.125_00.200,,SUBABYR,SUBABYR,"Substance abuse, past 12 months",140,1,
ACN.125_00.210,,AOVRWTYR,AOVRWTYR,"Had problems being overweight, past 12 months",141,1,
ACN.125_00.220,,SKNYR1,SKNYR1,"Skin problems, past 12 months",142,1,
ACN.125_00.230,,FATIGYR,FATIGYR,"Had fatigue/lack of energy, past 12 months",143,1,
ACN.125_00.240,,FATYR,FATYR,"Excessive sleepiness, past 12 months",144,1,
ACN.125_00.250,,INSYR,INSYR,"Insomnia, past 12 months",145,1,
ACN.125_00.260,,ANXNWYR,ANXNWYR,"Frequently anxious, past 12 months",146,1,
ACN.125_00.270,,ASTRESYR,ASTRESYR,"Frequently stressed, past 12 months",147,1,
ACN.130_00.000,,CANEV,CANEV,Ever told by a doctor you had cancer,148,1,
ACN.140_01.000,,CANKIND_1-CANKIND_3,CNKIND1,What kind of cancer ... Bladder,149,1,
ACN.140_02.000,,CANKIND_1-CANKIND_3,CNKIND2,What kind of cancer ... Blood,150,1,
ACN.140_03.000,,CANKIND_1-CANKIND_3,CNKIND3,What kind of cancer ... Bone,151,1,
ACN.140_04.000,,CANKIND_1-CANKIND_3,CNKIND4,What kind of cancer ... Brain,152,1,
ACN.140_05.000,,CANKIND_1-CANKIND_3,CNKIND5,What kind of cancer ... Breast,153,1,
ACN.140_06.000,,CANKIND_1-CANKIND_3,CNKIND6,What kind of cancer ... Cervix,154,1,
ACN.140_07.000,,CANKIND_1-CANKIND_3,CNKIND7,What kind of cancer ... Colon,155,1,
ACN.140_08.000,,CANKIND_1-CANKIND_3,CNKIND8,What kind of cancer ... Esophagus,156,1,
ACN.140_09.000,,CANKIND_1-CANKIND_3,CNKIND9,What kind of cancer ... Gallbladder,157,1,
ACN.140_10.000,,CANKIND_1-CANKIND_3,CNKIND10,What kind of cancer ... Kidney,158,1,
ACN.140_11.000,,CANKIND_1-CANKIND_3,CNKIND11,What kind of cancer ... larynx-windpipe,159,1,
ACN.140_12.000,,CANKIND_1-CANKIND_3,CNKIND12,What kind of cancer ... Leukemia,160,1,
ACN.140_13.000,,CANKIND_1-CANKIND_3,CNKIND13,What kind of cancer ... Liver,161,1,
ACN.140_14.000,,CANKIND_1-CANKIND_3,CNKIND14,What kind of cancer ... Lung,162,1,
ACN.140_15.000,,CANKIND_1-CANKIND_3,CNKIND15,What kind of cancer ... Lymphoma,163,1,
ACN.140_16.000,,CANKIND_1-CANKIND_3,CNKIND16,What kind of cancer ... Melanoma,164,1,
ACN.140_17.000,,CANKIND_1-CANKIND_3,CNKIND17,What kind of cancer ... mouth/tongue/lip,165,1,
ACN.140_18.000,,CANKIND_1-CANKIND_3,CNKIND18,What kind of cancer ... Ovary,166,1,
ACN.140_19.000,,CANKIND_1-CANKIND_3,CNKIND19,What kind of cancer ... Pancreas,167,1,
ACN.140_20.000,,CANKIND_1-CANKIND_3,CNKIND20,What kind of cancer ... Prostate,168,1,
ACN.140_21.000,,CANKIND_1-CANKIND_3,CNKIND21,What kind of cancer ... Rectum,169,1,
ACN.140_22.000,,CANKIND_1-CANKIND_3,CNKIND22,What kind of cancer ... skin (non-melanoma),170,1,
ACN.140_23.000,,CANKIND_1-CANKIND_3,CNKIND23,What kind of cancer ... skin (DK kind),171,1,
ACN.140_24.000,,CANKIND_1-CANKIND_3,CNKIND24,What kind of cancer ... soft tissue (muscle or fat),172,1,
ACN.140_25.000,,CANKIND_1-CANKIND_3,CNKIND25,What kind of cancer ... Stomach,173,1,
ACN.140_26.000,,CANKIND_1-CANKIND_3,CNKIND26,What kind of cancer ... Testis,174,1,
ACN.140_27.000,,CANKIND_1-CANKIND_3,CNKIND27,What kind of cancer ... throat - pharynx,175,1,
ACN.140_28.000,,CANKIND_1-CANKIND_3,CNKIND28,What kind of cancer ... Thyroid,176,1,
ACN.140_29.000,,CANKIND_1-CANKIND_3,CNKIND29,What kind of cancer ... Uterus,177,1,
ACN.140_30.000,,CANKIND_1-CANKIND_3,CNKIND30,What kind of cancer ... Other,178,1,
ACN.140_31.000,,CANKIND_4,CNKIND31,What kind of cancer ... more than 3 kinds,179,1,
ACN.150_01.000,,CANAGE_1-CANAGE_3,CANAGE1,Age first diagnosed w/bladder cancer,180 - 182,3,
ACN.150_02.000,,CANAGE_1-CANAGE_3,CANAGE2,Age first diagnosed w/blood cancer,183 - 185,3,
ACN.150_03.000,,CANAGE_1-CANAGE_3,CANAGE3,Age first diagnosed w/bone cancer,186 - 188,3,
ACN.150_04.000,,CANAGE_1-CANAGE_3,CANAGE4,Age first diagnosed w/brain cancer,189 - 191,3,
ACN.150_05.000,,CANAGE_1-CANAGE_3,CANAGE5,Age first diagnosed w/breast cancer,192 - 194,3,
ACN.150_06.000,,CANAGE_1-CANAGE_3,CANAGE6,Age first diagnosed w/cervical cancer,195 - 197,3,
ACN.150_07.000,,CANAGE_1-CANAGE_3,CANAGE7,Age first diagnosed w/colon cancer,198 - 200,3,
ACN.150_08.000,,CANAGE_1-CANAGE_3,CANAGE8,Age first diagnosed w/esophageal cancer,201 - 203,3,
ACN.150_09.000,,CANAGE_1-CANAGE_3,CANAGE9,Age first diagnosed w/gallbladder cancer,204 - 206,3,
ACN.150_10.000,,CANAGE_1-CANAGE_3,CANAGE10,Age first diagnosed w/kidney cancer,207 - 209,3,
ACN.150_11.000,,CANAGE_1-CANAGE_3,CANAGE11,Age first diagnosed w/larynx-windpipe cancer,210 - 212,3,
ACN.150_12.000,,CANAGE_1-CANAGE_3,CANAGE12,Age first diagnosed w/leukemia,213 - 215,3,
ACN.150_13.000,,CANAGE_1-CANAGE_3,CANAGE13,Age first diagnosed w/liver cancer,216 - 218,3,
ACN.150_14.000,,CANAGE_1-CANAGE_3,CANAGE14,Age first diagnosed w/lung cancer,219 - 221,3,
ACN.150_15.000,,CANAGE_1-CANAGE_3,CANAGE15,Age first diagnosed w/lymphoma,222 - 224,3,
ACN.150_16.000,,CANAGE_1-CANAGE_3,CANAGE16,Age first diagnosed w/melanoma,225 - 227,3,
ACN.150_17.000,,CANAGE_1-CANAGE_3,CANAGE17,Age first diagnosed w/mouth/tongue/lip cancer,228 - 230,3,
ACN.150_18.000,,CANAGE_1-CANAGE_3,CANAGE18,Age first diagnosed w/ovarian cancer,231 - 233,3,
ACN.150_19.000,,CANAGE_1-CANAGE_3,CANAGE19,Age first diagnosed w/pancreatic cancer,234 - 236,3,
ACN.150_20.000,,CANAGE_1-CANAGE_3,CANAGE20,Age first diagnosed w/prostate cancer,237 - 239,3,
ACN.150_21.000,,CANAGE_1-CANAGE_3,CANAGE21,Age first diagnosed w/rectal cancer,240 - 242,3,
ACN.150_22.000,,CANAGE_1-CANAGE_3,CANAGE22,Age first diagnosed w/skin (non-melanoma) cancer,243 - 245,3,
ACN.150_23.000,,CANAGE_1-CANAGE_3,CANAGE23,Age first diagnosed w/skin (DK kind) cancer,246 - 248,3,
ACN.150_24.000,,CANAGE_1-CANAGE_3,CANAGE24,Age first diagnosed w/soft tissue cancer,249 - 251,3,
ACN.150_25.000,,CANAGE_1-CANAGE_3,CANAGE25,Age first diagnosed w/stomach cancer,252 - 254,3,
ACN.150_26.000,,CANAGE_1-CANAGE_3,CANAGE26,Age first diagnosed w/testicular cancer,255 - 257,3,
ACN.150_27.000,,CANAGE_1-CANAGE_3,CANAGE27,Age first diagnosed w/throat/pharynx cancer,258 - 260,3,
ACN.150_28.000,,CANAGE_1-CANAGE_3,CANAGE28,Age first diagnosed w/thyroid cancer,261 - 263,3,
ACN.150_29.000,,CANAGE_1-CANAGE_3,CANAGE29,Age first diagnosed w/uterine cancer,264 - 266,3,
ACN.150_30.000,,CANAGE_1-CANAGE_3,CANAGE30,Age first diagnosed w/other cancer,267 - 269,3,
ACN.160_00.000,,DIBEV,DIBEV,Ever been told that you have diabetes,270,1,
ACN.165_00.000,,DIBPRE1,DIBPRE1,Ever had prediabetes or other symptoms,271,1,
ACN.170_00.000,R01RECODE,DIBAGE,DIBAGE,Age first diagnosed w/diabetes,272 - 273,2,
ACN.170_00.000,R02RECODE,,DIFAGE2,Years since first diagnosed w/diabetes,274 - 275,2,
ACN.180_00.000,,INSLN,INSLN,NOW taking insulin,276,1,
ACN.190_00.000,,DIBPILL,DIBPILL,NOW taking diabetic pills,277,1,
ACN.201_01.000,,AHAYFYR,AHAYFYR,"Told that you had hay fever, past 12 m",278,1,
ACN.201_02.000,,SINYR,SINYR,"Told that you had sinusitis, past 12 m",279,1,
ACN.201_03.000,,CBRCHYR,CBRCHYR,"Told you had chronic bronchitis, 12 m",280,1,
ACN.201_04.000,,KIDWKYR,KIDWKYR,"Told you had weak/failing kidneys, 12 m",281,1,
ACN.201_05.000,,LIVYR,LIVYR,"Told you had liver condition, past 12 m",282,1,
ACN.250_00.000,,JNTSYMP,JNTSYMP,Symptoms of joint pain/aching/stiffness past 30 d,283,1,
ACN.260_01.000,,JMTHP1-JMTHP17,JMTHP1,Which joint affected...shoulder-right,284,1,
ACN.260_02.000,,JMTHP1-JMTHP17,JMTHP2,Which joint affected...shoulder-left,285,1,
ACN.260_03.000,,JMTHP1-JMTHP17,JMTHP3,Which joint affected...elbow-right,286,1,
ACN.260_04.000,,JMTHP1-JMTHP17,JMTHP4,Which joint affected...elbow-left,287,1,
ACN.260_05.000,,JMTHP1-JMTHP17,JMTHP5,Which joint affected...hip-right,288,1,
ACN.260_06.000,,JMTHP1-JMTHP17,JMTHP6,Which joint affected...hip-left,289,1,
ACN.260_07.000,,JMTHP1-JMTHP17,JMTHP7,Which joint affected...wrist-right,290,1,
ACN.260_08.000,,JMTHP1-JMTHP17,JMTHP8,Which joint affected...wrist-left,291,1,
ACN.260_09.000,,JMTHP1-JMTHP17,JMTHP9,Which joint affected...knee-right,292,1,
ACN.260_10.000,,JMTHP1-JMTHP17,JMTHP10,Which joint affected...knee-left,293,1,
ACN.260_11.000,,JMTHP1-JMTHP17,JMTHP11,Which joint affected...ankle-right,294,1,
ACN.260_12.000,,JMTHP1-JMTHP17,JMTHP12,Which joint affected...ankle-left,295,1,
ACN.260_13.000,,JMTHP1-JMTHP17,JMTHP13,Which joint affected...toes-right,296,1,
ACN.260_14.000,,JMTHP1-JMTHP17,JMTHP14,Which joint affected...toes-left,297,1,
ACN.260_15.000,,JMTHP1-JMTHP17,JMTHP15,Which joint affected...fingers/thumb-right,298,1,
ACN.260_16.000,,JMTHP1-JMTHP17,JMTHP16,Which joint affected...fingers/thumb-left,299,1,
ACN.260_17.000,,JMTHP1-JMTHP17,JMTHP17,Which joint affected...other joint not listed,300,1,
ACN.270_00.000,,JNTCHR,JNTCHR,Joint symptoms begin more than 3 months ago,301,1,
ACN.280_00.000,,JNTHP,JNTHP,Ever seen doctor or health professional for joint symptoms,302,1,
ACN.290_00.000,,ARTH,ARTH1,Ever been told you had arthritis,303,1,
ACN.295_00.000,,ARTHLMT,ARTHLMT,Limited due to arthritis or joint symptoms,304,1,
ACN.297_01.010,,ARTHTYP1-ARTHTYP6,ARTHTYP1,Ever told you had arthritis,305,1,
ACN.297_02.010,,ARTHTYP1-ARTHTYP6,ARTHTYP2,Ever told you had rheumatoid arthritis,306,1,
ACN.297_03.010,,ARTHTYP1-ARTHTYP6,ARTHTYP3,Ever told you had gout,307,1,
ACN.297_04.010,,ARTHTYP1-ARTHTYP6,ARTHTYP4,Ever told you had lupus,308,1,
ACN.297_05.010,,ARTHTYP1-ARTHTYP6,ARTHTYP5,Ever told you had fibromyalgia,309,1,
ACN.297_06.010,,ARTHTYP1-ARTHTYP6,ARTHTYP6,Ever told you had other joint condition,310,1,
ACN.300_00.000,,PAINECK,PAINECK,"Had neck pain, past 3 months",311,1,
ACN.310_00.000,,PAINLB,PAINLB,"Had low back pain, past 3 months",312,1,
ACN.320_00.000,,PAINLEG,PAINLEG,Pain spread down leg/below knees,313,1,
ACN.331_01.000,,PAINFACE,PAINFACE,"Had pain in jaw/front of ear, past 3 months",314,1,
ACN.331_02.000,,AMIGR,AMIGR,"Had severe headache/migraine, past 3 m",315,1,
ACN.350_00.000,,ACOLD2W,ACOLD2W,Had a head/chest cold past 2 w,316,1,
ACN.360_00.000,,AINTIL2W,AINTIL2W,"Had stomach prob w/vomit/diarrhea, 2 w",317,1,
ACN.370_00.000,,PREGNOW,PREGNOW,Currently pregnant,318,1,
ACN.370_00.010,,PREGFLYR,PREGFLYR,Recently pregnant,319,1,
ACN.372_00.010,,MENSYR,MENSYR,"Menstrual problems, past 12 months",320,1,
ACN.372_00.020,,MENOYR,MENOYR,"Menopausal problems, past 12 months",321,1,
ACN.372_00.030,,GYNYR,GYNYR,"Gynecological problems, past 12 months",322,1,
ACN.372_00.040,,PROSTYR,PROSTYR,"Prostate problems, past 12 months",323,1,
ACN.400_00.000,,HRAIDNOW,HRAIDNOW,Now use a hearing aid,324,1,
ACN.410_00.000,,HRAIDEV,HRAIDEV,Ever used a hearing aid if not now using,325,1,
ACN.420_00.000,,AHEARST1,AHEARST1,Hearing w/o hearing aid,326,1,
ACN.430_00.000,,AVISION,AVISION,Trouble seeing even w/glasses/lenses,327,1,
ACN.440_00.000,,ABLIND,ABLIND,Blind or unable to see at all,328,1,
ACN.451_00.000,,LUPPRT,LUPPRT,Lost all upper & lower natural teeth,329,1,
ACN.471_01.000,,SAD,SAD,"So sad nothing cheers you up, past 30 days",330,1,
ACN.471_02.000,,NERVOUS,NERVOUS,"How often felt nervous, past 30 days",331,1,
ACN.471_03.000,,RESTLESS,RESTLESS,"How often restless/fidgety, past 30 days",332,1,
ACN.471_04.000,,HOPELESS,HOPELESS,"How often felt hopeless, past 30 days",333,1,
ACN.471_05.000,,EFFORT,EFFORT,"How often felt everything was an effort, past 30 days",334,1,
ACN.471_06.000,,WORTHLS,WORTHLS,"How often felt worthless, past 30 days",335,1,
ACN.530_00.000,,MHAMTMO,MHAMTMO,"Feelings interfered w/life, past 30 days",336,1,
ACD.010_00.000,,VSLVYR,VSLVYR,Voice problem past 12 months,337,1,
ACD.015_00.000,,VSLSWYR,VSLSWYR,Swallowing problem past 12 months,338,1,
ACD.020_00.000,,VSLSPYR,VSLSPYR,Speech problem past 12 months,339,1,
ACD.025_00.000,,VSLLGYR,VSLLGYR,Language problem past 12 months,340,1,
ACD.030_00.000,,VSLSPEC,VSLSPEC,Special services or instruction for problem(s),341,1,
ACD.035_00.000,,VSLEVER,VSLEVER,"Ever had voice, swallowing, speech, or language problem lasting 1+ weeks",342,1,
ACD.040_00.000,,VSLHPD,VSLHPD,"Given diagnosis for voice, swallowing, speech, language problem",343,1,
ACD.045_01.000,,VSLDGTYP1-VSLDGTYP4,VSLDGTP1,Given diagnosis for voice problem,344,1,
ACD.045_02.000,,VSLDGTYP1-VSLDGTYP4,VSLDGTP2,Given diagnosis for swallowing problem,345,1,
ACD.045_03.000,,VSLDGTYP1-VSLDGTYP4,VSLDGTP3,Given diagnosis for speech problem,346,1,
ACD.045_04.000,,VSLDGTYP1-VSLDGTYP4,VSLDGTP4,Given diagnosis for language problem,347,1,
ACD.050_01.000,,VSLVDG01-VSLVDG11,VSLVDG01,"Laryngitis caused by voice misuse, abuse, overuse caused voice problem",348,1,
ACD.050_02.000,,VSLVDG01-VSLVDG11,VSLVDG02,Laryngitis caused by colds/strep caused voice problem,349,1,
ACD.050_03.000,,VSLVDG01-VSLVDG11,VSLVDG03,Vocal nodules or polyps caused voice problem,350,1,
ACD.050_04.000,,VSLVDG01-VSLVDG11,VSLVDG04,Gastro-esophageal reflux disease (GERD) caused voice problem,351,1,
ACD.050_05.000,,VSLVDG01-VSLVDG11,VSLVDG05,Allergies caused voice problem,352,1,
ACD.050_06.000,,VSLVDG01-VSLVDG11,VSLVDG06,Airborne irritants or environmental pollutants caused voice problem,353,1,
ACD.050_07.000,,VSLVDG01-VSLVDG11,VSLVDG07,Head/neck injury caused voice problem,354,1,
ACD.050_08.000,,VSLVDG01-VSLVDG11,VSLVDG08,"Cancer anywhere in the head, neck, or throat caused voice problem",355,1,
ACD.050_09.000,,VSLVDG01-VSLVDG11,VSLVDG09,"Neurological cause (Alzheimer's, Parkinson's, dementia, etc.) caused voice problem",356,1,
ACD.050_10.000,,VSLVDG01-VSLVDG11,VSLVDG10,Prescription medication or drugs caused voice problem,357,1,
ACD.050_11.000,,VSLVDG01-VSLVDG11,VSLVDG11,Something else caused voice problem,358,1,
ACD.060_01.000,,VSLSWDG01-VSLSWDG10,VSLSWD01,Stroke caused swallowing problem,359,1,
ACD.060_02.000,,VSLSWDG01-VSLSWDG10,VSLSWD02,"Neurological cause (Alzheimer's, Parkinson's, post-polio syndrome, dementia, etc.) caused swallowing problem",360,1,
ACD.060_03.000,,VSLSWDG01-VSLSWDG10,VSLSWD03,"Cancer anywhere in the head, neck, or throat caused swallowing problem",361,1,
ACD.060_04.000,,VSLSWDG01-VSLSWDG10,VSLSWD04,Chronic obstructive pulmonary disease (COPD) caused swallowing problem,362,1,
ACD.060_05.000,,VSLSWDG01-VSLSWDG10,VSLSWD05,Congestive heart failure (CHF) caused swallowing problem,363,1,
ACD.060_06.000,,VSLSWDG01-VSLSWDG10,VSLSWD06,Head/neck injury caused swallowing problem,364,1,
ACD.060_07.000,,VSLSWDG01-VSLSWDG10,VSLSWD07,"Arthritic changes in the neck (arthritis, cervical osteophyte) caused swallowing problem",365,1,
ACD.060_08.000,,VSLSWDG01-VSLSWDG10,VSLSWD08,Advancing age (deterioration of muscle function with age…sarcopenia) caused swallowing problem,366,1,
ACD.060_09.000,,VSLSWDG01-VSLSWDG10,VSLSWD09,Prescription medication or drugs caused swallowing problem,367,1,
ACD.060_10.000,,VSLSWDG01-VSLSWDG10,VSLSWD10,Something else caused swallowing problem,368,1,
ACD.065_01.000,,VSLSPDG01-VSLSPDG10,VSLSPD01,Hearing loss or deafness caused speech problem,369,1,
ACD.065_02.000,,VSLSPDG01-VSLSPDG10,VSLSPD02,"Developmental speech sound disorder (phonological, articulatory, dyspraxia) caused speech problem",370,1,
ACD.065_03.000,,VSLSPDG01-VSLSPDG10,VSLSPD03,Cerebral palsy caused speech problem,371,1,
ACD.065_04.000,,VSLSPDG01-VSLSPDG10,VSLSPD04,"Cleft lip/palate, cranial-facial anomaly (structural cause) caused speech problem",372,1,
ACD.065_05.000,,VSLSPDG01-VSLSPDG10,VSLSPD05,Head/neck injury caused speech problem,373,1,
ACD.065_06.000,,VSLSPDG01-VSLSPDG10,VSLSPD06,Stuttering caused speech problem,374,1,
ACD.065_07.000,,VSLSPDG01-VSLSPDG10,VSLSPD07,"Cancer anywhere in the head, neck, or throat caused speech problem",375,1,
ACD.065_08.000,,VSLSPDG01-VSLSPDG10,VSLSPD08,"Neurological cause/dysarthria (Alzheimer's, Parkinson's, ALS, multiple sclerosis, dementia, etc.) caused speech problem",376,1,
ACD.065_09.000,,VSLSPDG01-VSLSPDG10,VSLSPD09,Prescription medication or drugs caused speech problem,377,1,
ACD.065_10.000,,VSLSPDG01-VSLSPDG10,VSLSPD10,Something else caused speech problem,378,1,
ACD.070_01.000,,VSLLGDG01-VSLLGDG11,VSLLGD01,Hearing loss or deafness caused problems using or understanding words or sentences,379,1,
ACD.070_02.000,,VSLLGDG01-VSLLGDG11,VSLLGD02,"Genetic syndrome: Down Syndrome, Fragile X Syndrome, etc. cause problems using or understanding words or sentences",380,1,
ACD.070_03.000,,VSLLGDG01-VSLLGDG11,VSLLGD03,"Intellectual disability, also known as mental retardation caused problem using or understanding words or sentences",381,1,
ACD.070_04.000,,VSLLGDG01-VSLLGDG11,VSLLGD04,Autism spectrum disorder caused problem using or understanding words or sentences,382,1,
ACD.070_05.000,,VSLLGDG01-VSLLGDG11,VSLLGD05,"Developmental Language-Learning Disorder (e.g. Specific Language Impairment (SLI), learning disability, or dyslexia) cause problem using or understanding words or sentences",383,1,
ACD.070_06.000,,VSLLGDG01-VSLLGDG11,VSLLGD06,Other developmental delay caused problem using or understanding words or sentences,384,1,
ACD.070_07.000,,VSLLGDG01-VSLLGDG11,VSLLGD07,"Head injury, traumatic brain injury (TBI) caused problem using or understanding words or sentences",385,1,
ACD.070_08.000,,VSLLGDG01-VSLLGDG11,VSLLGD08,Stroke/aphasia caused problem using or understanding words or sentences,386,1,
ACD.070_09.000,,VSLLGDG01-VSLLGDG11,VSLLGD09,"Dementia or other neurological cause (Alzheimer's, Parkinson's, etc.) caused problem using or understanding words or sentences",387,1,
ACD.070_10.000,,VSLLGDG01-VSLLGDG11,VSLLGD10,Prescription medication or drugs caused problem using or understanding words or sentences,388,1,
ACD.070_11.000,,VSLLGDG01-VSLLGDG11,VSLLGD11,Something else caused problem using or understanding words or sentences,389,1,
ACD.075_00.000,,VSLVDYS,VSLVDYS,Number of days had voice problems in past year,390 - 392,3,
ACD.080_00.000,,VSLSWDYS,VSLSWDYS,Number of days had swallowing problems in past year,393 - 395,3,
ACD.082_00.000,,VSLSPDYS,VSLSPDYS,Number of days had speech problems in past year,396 - 398,3,
ACD.085_00.000,,VSLLGDYS,VSLLGDYS,Number of days had problems using or understanding words or sentences,399 - 401,3,
ACD.090_00.000,,VSLV1WK,VSLV1WK,Voice problems last 1+ weeks,402,1,
ACD.095_00.000,,VSLSW1WK,VSLSW1WK,Swallowing problems last 1+ weeks,403,1,
ACD.100_00.000,,VSLSP1WK,VSLSP1WK,Speech problems last 1+ weeks,404,1,
ACD.105_00.000,,VSLLG1WK,VSLLG1WK,Problems using or understanding words or sentences last 1+ weeks,405,1,
ACD.110_00.000,,VSLSTUTT,VSLSTUTT,Stammering or stuttering problem in past 12 months,406,1,
ACD.115_00.000,,VSLSTDEG,VSLSTDEG,Degree of stammering or stuttering problem,407,1,
ACD.120_00.000,,VSLLGFAM,VSLLGFAM,"Family, friends, associates had trouble understanding what you say in past 12 months",408,1,
ACD.125_00.000,,VSLVAGE,VSLVAGE,Age first had voice problems,409 - 411,3,
ACD.130_00.000,,VSLSWAGE,VSLSWAGE,Age first had swallowing problems,412 - 414,3,
ACD.135_00.000,,VSLSPAGE,VSLSPAGE,Age first had speech problems,415 - 417,3,
ACD.140_00.000,,VSLLGAGE,VSLLGAGE,Age first had problems using or understanding words or sentences,418 - 420,3,
ACD.145_00.000,,VSLVPRB,VSLVPRB,How much of a problem with your voice in past 12 months,421,1,
ACD.150_00.000,,VSLSWPRB,VSLSWPRB,How much of a problem with swallowing in past 12 months,422,1,
ACD.155_00.000,,VSLSPPRB,VSLSPPRB,How much of a problem with speech in the past 12 months,423,1,
ACD.160_00.000,,VSLLGPRB,VSLLGPRB,How much of a problem using or understanding words or sentences in the past 12 months,424,1,
ACD.165_00.000,,VSLVSLP,VSLVSLP,Seen speech-language pathologist (SLP) or other health care professional for voice problem in past 12 months,425,1,
ACD.170_00.000,,VSLVPEV,VSLVPEV,Ever seen speech-language pathologist (SLP) or other health care professional about voice problem?,426,1,
ACD.175_00.000,,VSLSWSLP,VSLSWSLP,Seen speech-language pathologist (SLP) or other health care professional for swallowing problem in past 12 months,427,1,
ACD.180_00.000,,VSLSWPEV,VSLSWPEV,Ever seen speech-language pathologist (SLP) or other health care professional about swallowing problem?,428,1,
ACD.185_00.000,,VSLSPSLP,VSLSPSLP,Seen speech-language pathologist (SLP) or other health professional for speech problem in past 12 months,429,1,
ACD.190_00.000,,VSLSPPEV,VSLSPPEV,Ever seen speech-language pathologist (SLP) or other health care professional about speech problem in past 12 months,430,1,
ACD.195_00.000,,VSLLGSLP,VSLLGSLP,Seen speech-language pathologist (SLP) or other health care professional for problem using or understanding words or sentences in past 12 months,431,1,
ACD.200_00.000,,VSLLGPEV,VSLLGPEV,Ever seen speech-language pathologist (SLP) or other health care professional about problem using or understanding words or sentences in past 12 months,432,1,
ACD.205_00.000,,VSLVTRT,VSLVTRT,"Received treatments, therapy, or other rehabilitation services for voice problems in past 12 months",433,1,
ACD.210_01.000,,VSLVTRW01-VSLVTRW11,VSLVTR01,Speech-language pathologist provided voice services,434,1,
ACD.210_02.000,,VSLVTRW01-VSLVTRW11,VSLVTR02,"Family physician, General Practitioner, or Osteopath provided voice services",435,1,
ACD.210_03.000,,VSLVTRW01-VSLVTRW11,VSLVTR03,Rehabilitation Specialist (Occupational or Physical Therapist) provided voices services,436,1,
ACD.210_04.000,,VSLVTRW01-VSLVTRW11,VSLVTR04,"Ear, Nose, Throat Doctor (Otolaryngologist) provided voice services",437,1,
ACD.210_05.000,,VSLVTRW01-VSLVTRW11,VSLVTR05,"Audiologist, Hearing Specialist, or Hearing Aid Technician provided voice services",438,1,
ACD.210_06.000,,VSLVTRW01-VSLVTRW11,VSLVTR06,"Specialty doctor in Internal Medicine, Geriatrics, Neurology, etc. provided voice services",439,1,
ACD.210_07.000,,VSLVTRW01-VSLVTRW11,VSLVTR07,Nutritionist or Dietician provided voice services,440,1,
ACD.210_08.000,,VSLVTRW01-VSLVTRW11,VSLVTR08,Psychiatrist or Psychologist provided voice services,441,1,
ACD.210_09.000,,VSLVTRW01-VSLVTRW11,VSLVTR09,Nurse or Nurse Practitioner provided voice services,442,1,
ACD.210_10.000,,VSLVTRW01-VSLVTRW11,VSLVTR10,"Dentist, Orthodontist, or Oral Surgeon provided voice services",443,1,
ACD.210_11.000,,VSLVTRW01-VSLVTRW11,VSLVTR11,Some other health professional provided voice services,444,1,
ACD.215_00.000,,VSLSWTRT,VSLSWTRT,"Received treatments, therapy, or other rehabilitation services for swallowing problems in past 12 months",445,1,
ACD.220_01.000,,VSLSWTRW01-VSLSWTRW11,VSLSWT01,Speech-language pathologist provided swallowing services,446,1,
ACD.220_02.000,,VSLSWTRW01-VSLSWTRW11,VSLSWT02,"Family physician, General Practitioner, or Osteopath provided swallowing services",447,1,
ACD.220_03.000,,VSLSWTRW01-VSLSWTRW11,VSLSWT03,Rehabilitation Specialist (Occupational or Physical Therapist) provided swallowing services,448,1,
ACD.220_04.000,,VSLSWTRW01-VSLSWTRW11,VSLSWT04,"Ear, Nose, Throat Doctor (Otolaryngologist) provided swallowing services",449,1,
ACD.220_05.000,,VSLSWTRW01-VSLSWTRW11,VSLSWT05,"Audiologist, Hearing Specialist, or Hearing Aid Technician provided swallowing services",450,1,
ACD.220_06.000,,VSLSWTRW01-VSLSWTRW11,VSLSWT06,"Specialty doctor in Internal Medicine, Geriatrics, Neurology, etc. provided swallowing services",451,1,
ACD.220_07.000,,VSLSWTRW01-VSLSWTRW11,VSLSWT07,Nutritionist or Dietician provided swallowing services,452,1,
ACD.220_08.000,,VSLSWTRW01-VSLSWTRW11,VSLSWT08,Psychiatrist or Psychologist provided swallowing services,453,1,
ACD.220_09.000,,VSLSWTRW01-VSLSWTRW11,VSLSWT09,Nurse or Nurse Practitioner provided swallowing services,454,1,
ACD.220_10.000,,VSLSWTRW01-VSLSWTRW11,VSLSWT10,"Dentist, Orthodontist, or Oral Surgeon provided swallowing services",455,1,
ACD.220_11.000,,VSLSWTRW01-VSLSWTRW11,VSLSWT11,Some other health professional provided swallowing services,456,1,
ACD.225_00.000,,VSLSPTRT,VSLSPTRT,"Received treatments, therapy, or other rehabilitation services for speech problems in past 12 months",457,1,
ACD.230_01.000,,VSLSPTRW01-VSLSPTRW11,VSLSPT01,Speech-language pathologist provided speech services,458,1,
ACD.230_02.000,,VSLSPTRW01-VSLSPTRW11,VSLSPT02,"Family physician, General Practitioner, or Osteopath provided speech services",459,1,
ACD.230_03.000,,VSLSPTRW01-VSLSPTRW11,VSLSPT03,Rehabilitation Specialist (Occupational or Physical Therapist) provided speech services,460,1,
ACD.230_04.000,,VSLSPTRW01-VSLSPTRW11,VSLSPT04,"Ear, Nose, Throat Doctor (Otolaryngologist) provided speech services",461,1,
ACD.230_05.000,,VSLSPTRW01-VSLSPTRW11,VSLSPT05,"Audiologist, Hearing Specialist, or Hearing Aid Technician provided speech services",462,1,
ACD.230_06.000,,VSLSPTRW01-VSLSPTRW11,VSLSPT06,"Specialty doctor in Internal Medicine, Geriatrics, Neurology, etc. provided speech services",463,1,
ACD.230_07.000,,VSLSPTRW01-VSLSPTRW11,VSLSPT07,Nutritionist or Dietician provided speech services,464,1,
ACD.230_08.000,,VSLSPTRW01-VSLSPTRW11,VSLSPT08,Psychiatrist or Psychologist provided speech services,465,1,
ACD.230_09.000,,VSLSPTRW01-VSLSPTRW11,VSLSPT09,Nurse or Nurse Practitioner provided speech services,466,1,
ACD.230_10.000,,VSLSPTRW01-VSLSPTRW11,VSLSPT10,"Dentist, Orthodontist, or Oral Surgeon provided speech services",467,1,
ACD.230_11.000,,VSLSPTRW01-VSLSPTRW11,VSLSPT11,Some other health professional provided speech services,468,1,
ACD.235_00.000,,VSLLGTRT,VSLLGTRT,"Received treatments, therapy, or other rehabilitation services for problems using or understanding words or sentences in past 12 months",469,1,
ACD.240_01.000,,VSLLGTRW01-VSLLGTRW11,VSLLGT01,Speech-language pathologist provided language services,470,1,
ACD.240_02.000,,VSLLGTRW01-VSLLGTRW11,VSLLGT02,"Family physician, General Practitioner, or Osteopath provided language services",471,1,
ACD.240_03.000,,VSLLGTRW01-VSLLGTRW11,VSLLGT03,Rehabilitation Specialist (Occupational or Physical Therapist) provided language services,472,1,
ACD.240_04.000,,VSLLGTRW01-VSLLGTRW11,VSLLGT04,"Ear, Nose, Throat Doctor (Otolaryngologist) provided language services",473,1,
ACD.240_05.000,,VSLLGTRW01-VSLLGTRW11,VSLLGT05,"Audiologist, Hearing Specialist, or Hearing Aid Technician provided language services",474,1,
ACD.240_06.000,,VSLLGTRW01-VSLLGTRW11,VSLLGT06,"Specialty doctor in Internal Medicine, Geriatrics, Neurology, etc. provided language services",475,1,
ACD.240_07.000,,VSLLGTRW01-VSLLGTRW11,VSLLGT07,Nutritionist or Dietician provided language services,476,1,
ACD.240_08.000,,VSLLGTRW01-VSLLGTRW11,VSLLGT08,Psychiatrist or Psychologist provided language services,477,1,
ACD.240_09.000,,VSLLGTRW01-VSLLGTRW11,VSLLGT09,Nurse or Nurse Practitioner provided language services,478,1,
ACD.240_10.000,,VSLLGTRW01-VSLLGTRW11,VSLLGT10,"Dentist, Orthodontist, or Oral Surgeon provided language services",479,1,
ACD.240_11.000,,VSLLGTRW01-VSLLGTRW11,VSLLGT11,Some other health professional provided language services,480,1,
ACD.245_00.000,,VSLVSOC,VSLVSOC,Did treatments or other rehabilitation services for voice problem make personal or social life better?,481,1,
ACD.250_00.000,,VSLSWSOC,VSLSWSOC,Did treatments or other rehabilitation services for swallowing problem make personal or social life better?,482,1,
ACD.255_00.000,,VSLSPSOC,VSLSPSOC,Did treatments or other rehabilitation services for speech problem make personal or social life better?,483,1,
ACD.260_00.000,,VSLLGSOC,VSLLGSOC,Did treatments or other rehabilitation services for problem using or understanding words or sentences make personal or social life better?,484,1,
ACD.265_00.000,,VSLVSW,VSLVSW,Did treatments or other rehabilitation services for voice problem make school or work life better?,485,1,
ACD.270_00.000,,VSLSWSW,VSLSWSW,Did treatments or other rehabilitation services for swallowing problem make school or work life better?,486,1,
ACD.275_00.000,,VSLSPSW,VSLSPSW,Did treatments or other rehabilitation services for speech problem make school or work life better?,487,1,
ACD.280_00.000,,VSLLGSW,VSLLGSW,Did treatments or other rehabilitation services for problems using or understanding words or sentences make school or work life better?,488,1,
ACD.285_00.000,,VSLVCOM,VSLVCOM,Voice problems better or worse compared to 12 months ago,489,1,
ACD.290_00.000,,VSLSWCOM,VSLSWCOM,Swallowing problems better or worse compared to 12 months ago,490,1,
ACD.295_00.000,,VSLSPCOM,VSLSPCOM,Speech problems better or worse compared to 12 months ago,491,1,
ACD.300_00.000,,VSLLGCOM,VSLLGCOM,Problems using or understanding words or sentences better or worse compared to 12 months ago,492,1,
ACD.305_00.000,,VSLINTYR,VSLINTYR,"Get information from Internet about health, medical treatments or rehabilitation services in past 12 months",493,1,
ACD.310_00.000,,VSLINTCN,VSLINTCN,Did you get information on (voice/swallowing/speech/problems using or understanding words or sentences problems in the past 12 months,494,1,
ACD.315_00.000,,VSLINTPR,VSLINTPR,"Was this information written by a doctor, other health professional, medical associations, or other health-related organization?",495,1,
ACD.320_00.000,,VSLINTHP,VSLINTHP,How helpful was the information on the Internet?,496,1,
AHS.040_00.000,,WKDAYR,WKDAYR,"Number of work loss days, past 12 months",497 - 499,3,
AHS.050_00.000,,BEDDAYR,BEDDAYR,"Number of bed days, past 12 months",500 - 502,3,
AHS.060_00.000,,AHSTATYR,AHSTATYR,"Health better/worse/same, compared w/ 12 months ago",503,1,
AHS.070_00.000,,SPECEQ,SPECEQ,Have health problem that requires special equipment,504,1,
AHS.091_01.000,,FLWALK,FLWALK,How difficult to walk 1/4 mile without special equipment,505,1,
AHS.091_02.000,,FLCLIMB,FLCLIMB,How difficult to climb 10 steps without special equipment,506,1,
AHS.091_03.000,,FLSTAND,FLSTAND,How difficult to stand 2 hours without special equipment,507,1,
AHS.091_04.000,,FLSIT,FLSIT,How difficult to sit 2 hours without special equipment,508,1,
AHS.091_05.000,,FLSTOOP,FLSTOOP,"How difficult to stoop, bend or kneel without special equipment",509,1,
AHS.091_06.000,,FLREACH,FLREACH,How difficult to reach over head without special equipment,510,1,
AHS.141_01.000,,FLGRASP,FLGRASP,How difficult to grasp small objects without special equipment,511,1,
AHS.141_02.000,,FLCARRY,FLCARRY,How difficult to lift/carry 10 lbs without special equipment,512,1,
AHS.141_03.000,,FLPUSH,FLPUSH,How difficult to push large objects without special equipment,513,1,
AHS.171_01.000,,FLSHOP,FLSHOP,How difficult to go out to events without special equipment,514,1,
AHS.171_02.000,,FLSOCL,FLSOCL,How difficult to participate in social activities without special equipment,515,1,
AHS.171_03.000,,FLRELAX,FLRELAX,How difficult to relax at home without special equipment,516,1,
AHS.171_00.000,R01RECODE,,FLA1AR,"Any functional limitation, all conditions",517,1,
AHS.200_01.000,,AFLHCA1-AFLHCA37,AFLHCA1,Vision/problem seeing causes difficulty with activity,518,1,
AHS.200_02.000,,AFLHCA1-AFLHCA37,AFLHCA2,Hearing problem causes difficulty with activity,519,1,
AHS.200_03.000,,AFLHCA1-AFLHCA37,AFLHCA3,Arthritis/rheumatism causes difficulty with activity,520,1,
AHS.200_04.000,,AFLHCA1-AFLHCA37,AFLHCA4,Back or neck problem causes difficulty with activity,521,1,
AHS.200_05.000,,AFLHCA1-AFLHCA37,AFLHCA5,"Fracture, bone/joint injury causes difficulty with activity",522,1,
AHS.200_06.000,,AFLHCA1-AFLHCA37,AFLHCA6,Other injury causes difficulty with activity,523,1,
AHS.200_07.000,,AFLHCA1-AFLHCA37,AFLHCA7,Heart problem causes difficulty with activity,524,1,
AHS.200_08.000,,AFLHCA1-AFLHCA37,AFLHCA8,Stroke problem causes difficulty with activity,525,1,
AHS.200_09.000,,AFLHCA1-AFLHCA37,AFLHCA9,Hypertension/high blood pressure causes difficulty with activity,526,1,
AHS.200_10.000,,AFLHCA1-AFLHCA37,AFLHCA10,Diabetes causes difficulty with activity,527,1,
AHS.200_11.000,,AFLHCA1-AFLHCA37,AFLHCA11,"Lung/breathing problem (e.g., asthma and emphysema) causes difficulty with activity",528,1,
AHS.200_12.000,,AFLHCA1-AFLHCA37,AFLHCA12,Cancer causes difficulty with activity,529,1,
AHS.200_13.000,,AFLHCA1-AFLHCA37,AFLHCA13,Birth defect causes difficulty with activity,530,1,
AHS.200_14.000,,AFLHCA1-AFLHCA37,ALHCA14A,"Intellectual disability, also known as mental retardation causes difficulty with activity",531,1,
AHS.200_15.000,,AFLHCA1-AFLHCA37,AFLHCA15,"Other developmental problem (e.g., cerebral palsy) causes difficulty with activity",532,1,
AHS.200_16.000,,AFLHCA1-AFLHCA37,AFLHCA16,Senility causes difficulty with activity,533,1,
AHS.200_17.000,,AFLHCA1-AFLHCA37,AFLHCA17,Depression/anxiety/emotional problem causes difficulty with activity,534,1,
AHS.200_18.000,,AFLHCA1-AFLHCA37,AFLHCA18,Weight problem causes difficulty with activity,535,1,
AHS.200_00.000,R01RECODE,,AFLHC19_,Missing or amputated limb/finger/digit causes difficulty with activity,536,1,
AHS.200_00.000,R02RECODE,,AFLHC20_,Musculoskeletal/connective tissue problem causes difficulty with activity,537,1,
AHS.200_00.000,R03RECODE,,AFLHC21_,Circulation problems (including blood clots) cause difficulty with activity,538,1,
AHS.200_00.000,R04RECODE,,AFLHC22_,Endocrine/nutritional/metabolic problem causes difficulty with activity,539,1,
AHS.200_00.000,R05RECODE,,AFLHC23_,Nervous system/sensory organ condition causes difficulty with activity,540,1,
AHS.200_00.000,R06RECODE,,AFLHC24_,Digestive system problem causes difficulty with activity,541,1,
AHS.200_00.000,R07RECODE,,AFLHC25_,Genitourinary system problem causes difficulty with activity,542,1,
AHS.200_00.000,R08RECODE,,AFLHC26_,Skin/subcutaneous system problem causes difficulty with activity,543,1,
AHS.200_00.000,R09RECODE,,AFLHC27_,Blood or blood-forming organ problem causes difficulty with activity,544,1,
AHS.200_00.000,R10RECODE,,AFLHC28_,Benign tumor/cyst causes difficulty with activity,545,1,
AHS.200_00.000,R11RECODE,,AFLHC29_,Alcohol/drug/substance abuse problem causes difficulty with activity,546,1,
AHS.200_00.000,R12RECODE,,AFLHC30_,Other mental problem/ADD/Bipolar/Schizophrenia causes difficulty with activity,547,1,
AHS.200_00.000,R13RECODE,,AFLHC31_,Surgical after-effects/medical treatment causes difficulty with activity,548,1,
AHS.200_00.000,R14RECODE,,AFLHC32_,"""Old age""/elderly/aging-related problem causes difficulty with activity",549,1,
AHS.200_00.000,R15RECODE,,AFLHC33_,Fatigue/tiredness/weakness causes difficulty with activity,550,1,
AHS.200_00.000,R16RECODE,,AFLHC34_,Pregnancy-related problem causes difficulty with activity,551,1,
AHS.200_90.000,R17,AFLHCA1-AFLHCA37,AFLHCA90,Other impairment/problem (1) causes difficulty with activity,552,1,
AHS.200_91.000,R18,AFLHCA1-AFLHCA37,AFLHCA91,Other impairment/problem (2) causes difficulty with activity,553,1,
AHS.300_01.000,,AHCL01N,ALTIME1,Duration of vision problem: Number of units,554 - 555,2,
AHS.300_02.000,,AHCL01T,ALUNIT1,Duration of vision problem: Time unit,556,1,
AHS.300_02.000,R01RECODE,,ALDURA1,"Duration (in years) of vision problem, recode 1",557 - 558,2,
AHS.300_02.000,R02RECODE,,ALDURB1,"Duration of vision problem, recode 2",559,1,
AHS.300_02.000,R03RECODE,,ALCHRC1,Vision problem condition status recode,560,1,
AHS.301_01.000,,AHCL02N,ALTIME2,Duration of hearing problem: Number of units,561 - 562,2,
AHS.301_02.000,,AHCL02T,ALUNIT2,Duration of hearing problem: Time unit,563,1,
AHS.301_02.000,R01RECODE,,ALDURA2,"Duration (in years) of hearing problem, recode 1",564 - 565,2,
AHS.301_02.000,R02RECODE,,ALDURB2,"Duration of hearing problem, recode 2",566,1,
AHS.301_02.000,R03RECODE,,ALCHRC2,Hearing problem condition status recode,567,1,
AHS.302_01.000,,AHCL03N,ALTIME3,Duration of arthritis/rheumatism: Number of units,568 - 569,2,
AHS.302_02.000,,AHCL03T,ALUNIT3,Duration of arthritis/rheumatism: Time unit,570,1,
AHS.302_02.000,R01RECODE,,ALDURA3,"Duration (in years) of arthritis/rheumatism, recode 1",571 - 572,2,
AHS.302_02.000,R02RECODE,,ALDURB3,"Duration of arthritis/rheumatism, recode 2",573,1,
AHS.302_02.000,R03RECODE,,ALCHRC3,Arthritis/rheumatism condition status recode,574,1,
AHS.303_01.000,,AHCL04N,ALTIME4,Duration of back or neck problem: Number of units,575 - 576,2,
AHS.303_02.000,,AHCL04T,ALUNIT4,Duration of back or neck problem: Time unit,577,1,
AHS.303_02.000,R01RECODE,,ALDURA4,"Duration (in years) of back or neck problem, recode 1",578 - 579,2,
AHS.303_02.000,R02RECODE,,ALDURB4,"Duration of back or neck problem, recode 2",580,1,
AHS.303_02.000,R03RECODE,,ALCHRC4,Back or neck problem condition status recode,581,1,
AHS.304_01.000,,AHCL05N,ALTIME5,"Duration of fracture, bone/joint injury: Number of units",582 - 583,2,
AHS.304_02.000,,AHCL05T,ALUNIT5,"Duration of fracture, bone/joint injury: Time unit",584,1,
AHS.304_02.000,R01RECODE,,ALDURA5,"Duration (in years) of fracture, bone/joint injury, recode 1",585 - 586,2,
AHS.304_02.000,R02RECODE,,ALDURB5,"Duration of fracture, bone/joint injury, recode 2",587,1,
AHS.304_02.000,R03RECODE,,ALCHRC5,"Fracture, bone/joint injury condition status recode",588,1,
AHS.305_01.000,,AHCL06N,ALTIME6,Duration of other injury: Number of units,589 - 590,2,
AHS.305_02.000,,AHCL06T,ALUNIT6,Duration of other injury: Time unit,591,1,
AHS.305_02.000,R01RECODE,,ALDURA6,"Duration (in years) of other injury, recode 1",592 - 593,2,
AHS.305_02.000,R02RECODE,,ALDURB6,"Duration of other injury, recode 2",594,1,
AHS.305_02.000,R03RECODE,,ALCHRC6,Other injury condition status recode,595,1,
AHS.306_01.000,,AHCL07N,ALTIME7,Duration of heart problem: Number of units,596 - 597,2,
AHS.306_02.000,,AHCL07T,ALUNIT7,Duration of heart problem: Time unit,598,1,
AHS.306_02.000,R01RECODE,,ALDURA7,"Duration (in years) of heart problem, recode 1",599 - 600,2,
AHS.306_02.000,R02RECODE,,ALDURB7,"Duration of heart problem, recode 2",601,1,
AHS.306_02.000,R03RECODE,,ALCHRC7,Heart problem condition status recode,602,1,
AHS.307_01.000,,AHCL08N,ALTIME8,Duration of stroke problem: Number of units,603 - 604,2,
AHS.307_02.000,,AHCL08T,ALUNIT8,Duration of stroke problem: Time unit,605,1,
AHS.307_02.000,,,ALDURA8,"Duration (in years) of stroke problem, recode 1",606 - 607,2,
AHS.307_02.000,R02RECODE,,ALDURB8,"Duration of stroke problem, recode 2",608,1,
AHS.307_02.000,R03RECODE,,ALCHRC8,Stroke problem condition status recode,609,1,
AHS.308_01.000,,AHCL09N,ALTIME9,Duration of hypertension or high blood pressure: Number of units,610 - 611,2,
AHS.308_02.000,,AHCL09T,ALUNIT9,Duration of hypertension or high blood pressure: Time unit,612,1,
AHS.308_02.000,R01RECODE,,ALDURA9,Duration (in years) of hypertension or high blood pressure: recode 1,613 - 614,2,
AHS.308_02.000,R02RECODE,,ALDURB9,Duration of hypertension or high blood pressure: recode 2,615,1,
AHS.308_02.000,R03RECODE,,ALCHRC9,Hypertension or high blood pressure condition status recode,616,1,
AHS.309_01.000,,AHCL10N,ALTIME10,Duration of diabetes: Number of units,617 - 618,2,
AHS.309_02.000,,AHCL10T,ALUNIT10,Duration of diabetes: Time unit,619,1,
AHS.309_02.000,R01RECODE,,ALDURA10,"Duration (in years) of diabetes, recode 1",620 - 621,2,
AHS.309_02.000,R02RECODE,,ALDURB10,"Duration of diabetes, recode 2",622,1,
AHS.309_02.000,R03RECODE,,ALCHRC10,Diabetes condition status recode,623,1,
AHS.310_01.000,,AHCL11N,ALTIME11,"Duration of lung/breathing problem (e.g., asthma and emphysema): Number of units",624 - 625,2,
AHS.310_02.000,,AHCL11T,ALUNIT11,"Duration of lung/breathing problem: (e.g., asthma and emphysema) Time unit",626,1,
AHS.310_02.000,R01RECODE,,ALDURA11,"Duration (in years) of lung/breathing problem (e.g., asthma and emphysema), recode 1",627 - 628,2,
AHS.310_02.000,R02RECODE,,ALDURB11,"Duration of lung/breathing problem (e.g., asthma and emphysema), recode 2",629,1,
AHS.310_02.000,R03RECODE,,ALCHRC11,"Lung/breathing problem (e.g., asthma and emphysema) condition status recode",630,1,
AHS.311_01.000,,AHCL12N,ALTIME12,Duration of cancer: Number of units,631 - 632,2,
AHS.311_02.000,,AHCL12T,ALUNIT12,Duration of cancer: Time unit,633,1,
AHS.311_02.000,R01RECODE,,ALDURA12,"Duration (in years) of cancer, recode 1",634 - 635,2,
AHS.311_02.000,R02RECODE,,ALDURB12,"Duration of cancer, recode 2",636,1,
AHS.311_02.000,R03RECODE,,ALCHRC12,Cancer condition status recode,637,1,
AHS.312_01.000,,AHCL13N,ALTIME13,Duration of birth defect: Number of units,638 - 639,2,
AHS.312_02.000,,AHCL13T,ALUNIT13,Duration of birth defect: Time unit,640,1,
AHS.312_02.000,R01RECODE,,ALDURA13,"Duration (in years) of birth defect, recode 1",641 - 642,2,
AHS.312_02.000,R02RECODE,,ALDURB13,"Duration of birth defect, recode 2",643,1,
AHS.312_02.000,R03RECODE,,ALCHRC13,Birth defect condition status recode,644,1,
AHS.313_01.000,,AHCL14N,ATIME14A,"Duration of intellectual disability, also known as mental retardation: Number of units",645 - 646,2,
AHS.313_02.000,,AHCL14T,AUNIT14A,"Duration of intellectual disability, also know as mental retardation: Time unit",647,1,
AHS.313_02.000,R01RECODE,AHCL15N,ADURA14A,"Duration (in years) of intellectual disability, also known as mental retardation, recode 1",648 - 649,2,
AHS.313_02.000,R02RECODE,AHCL15T,ADURB14A,"Duration of intellectual disability, also known as mental retardation, recode 2",650,1,
AHS.313_02.000,R03RECODE,AHCL16N,ACHRC14A,"Intellectual disability, also known as mental retardation condition status recode",651,1,
AHS.314_01.000,,AHCL16T,ALTIME15,"Duration of other developmental problem (e.g., cerebral palsy): Number of units",652 - 653,2,
AHS.314_02.000,,AHCL17N,ALUNIT15,"Duration of other developmental problem (e.g., cerebral palsy): Time unit",654,1,
AHS.314_02.000,R01RECODE,AHCL17T,ALDURA15,"Duration (in years) of other developmental problem (e.g., cerebral palsy), recode 1",655 - 656,2,
AHS.314_02.000,R02RECODE,AHCL18N,ALDURB15,"Duration of other developmental problem (e.g., cerebral palsy), recode 2",657,1,
AHS.314_02.000,R03RECODE,AHCL18T,ALCHRC15,"Other developmental problem (e.g., cerebral palsy) condition status recode",658,1,
AHS.315_01.000,,,ALTIME16,Duration of senility: Number of units,659 - 660,2,
AHS.315_02.000,,,ALUNIT16,Duration of senility: Time unit,661,1,
AHS.315_02.000,R01RECODE,,ALDURA16,"Duration (in years) of senility, recode 1",662 - 663,2,
AHS.315_02.000,R02RECODE,,ALDURB16,"Duration of senility, recode 2",664,1,
AHS.315_02.000,R03RECODE,,ALCHRC16,Senility condition status recode,665,1,
AHS.316_01.000,,,ALTIME17,Duration of depression/anxiety/emotional problem: Number of units,666 - 667,2,
AHS.316_02.000,,,ALUNIT17,Duration of depression/anxiety/emotional problem: Time unit,668,1,
AHS.316_02.000,R01RECODE,,ALDURA17,"Duration (in years) of depression/anxiety/emotional problem, recode 1",669 - 670,2,
AHS.316_02.000,R02RECODE,,ALDURB17,"Duration of depression/anxiety/emotional problem, recode 2",671,1,
AHS.316_02.000,R03RECODE,,ALCHRC17,Depression/anxiety/emotional problem condition status recode,672,1,
AHS.317_01.000,,,ALTIME18,Duration of weight problem: Number of units,673 - 674,2,
AHS.317_02.000,,,ALUNIT18,Duration of weight problem: Time unit,675,1,
AHS.317_02.000,R01RECODE,,ALDURA18,"Duration (in years) of weight problem, recode 1",676 - 677,2,
AHS.317_02.000,R02RECODE,,ALDURB18,"Duration of weight problem, recode 2",678,1,
AHS.317_02.000,R03RECODE,,ALCHRC18,Weight problem condition status recode,679,1,
AHS.318_01.000 RECODE,,AHCL19N,ALTIME19,"Duration of missing limbs (fingers, toes, or digits); amputation: Number of units",680 - 681,2,
AHS.318_02.000 RECODE,,AHCL19T,ALUNIT19,"Duration of missing limbs (fingers, toes, or digits); amputation: Time unit",682,1,
AHS.318_02.000,R01RECODE,,ALDURA19,"Duration (in years) of missing limbs (fingers, toes, or digits); amputation, recode 1",683 - 684,2,
AHS.318_02.000,R02RECODE,,ALDURB19,"Duration of missing limbs (fingers, toes, or digits); amputation, recode 2",685,1,
AHS.318_02.000,R03RECODE,,ALCHRC19,"Missing limbs (fingers, toes, or digits); amputation condition status recode",686,1,
AHS.319_01.000 RECODE,,AHCL20N,ALTIME20,Duration of musculoskeletal/connective tissue problem: Number of units,687 - 688,2,
AHS.319_02.000 RECODE,,AHCL20T,ALUNIT20,Duration of musculoskeletal/connective tissue problem: Time unit,689,1,
AHS.319_02.000,R01RECODE,,ALDURA20,"Duration (in years) of musculoskeletal/connective tissue problem, recode 1",690 - 691,2,
AHS.319_02.000,R02RECODE,,ALDURB20,"Duration of musculoskeletal/connective tissue problem, recode 2",692,1,
AHS.319_02.000,R03RECODE,,ALCHRC20,Musculoskeletal/connective tissue problem condition status recode,693,1,
AHS.320_01.000 RECODE,,AHCL21N,ALTIME21,Duration of circulation problems (including blood clots): Number of units,694 - 695,2,
AHS.320_02.000 RECODE,,AHCL21T,ALUNIT21,Duration of circulation problems (including blood clots): Time unit,696,1,
AHS.320_02.000,R01RECODE,,ALDURA21,"Duration (in years) of circulation problems (including blood clots), recode 1",697 - 698,2,
AHS.320_02.000,R02RECODE,,ALDURB21,"Duration of circulation problems (including blood clots), recode 2",699,1,
AHS.320_02.000,R03RECODE,,ALCHRC21,Circulation problems (including blood clots) condition status recode,700,1,
AHS.321_01.000 RECODE,,AHCL22N,ALTIME22,Duration of endocrine/nutritional/metabolic problem: Number of units,701 - 702,2,
AHS.321_02.000 RECODE,,AHCL22T,ALUNIT22,Duration of endocrine/nutritional/metabolic problem: Time unit,703,1,
AHS.321_02.000,R01RECODE,,ALDURA22,"Duration (in years) of endocrine/nutritional/metabolic problem, recode 1",704 - 705,2,
AHS.321_02.000,R02RECODE,,ALDURB22,"Duration of endocrine/nutritional/metabolic problem, recode 2",706,1,
AHS.321_02.000,R03RECODE,,ALCHRC22,Endocrine/nutritional/metabolic problem condition status recode,707,1,
AHS.322_01.000 RECODE,,AHCL23N,ALTIME23,Duration of nervous system/sensory organ condition: Number of units,708 - 709,2,
AHS.322_02.000 RECODE,,AHCL23T,ALUNIT23,Duration of nervous system/sensory organ condition: Time unit,710,1,
AHS.322_02.000,R01RECODE,,ALDURA23,"Duration (in years) of nervous system/sensory organ condition, recode 1",711 - 712,2,
AHS.322_02.000,R02RECODE,,ALDURB23,"Duration of nervous system/sensory organ condition, recode 2",713,1,
AHS.322_02.000,R03RECODE,,ALCHRC23,Nervous system/sensory organ condition status recode,714,1,
AHS.323_01.000 RECODE,,AHCL24N,ALTIME24,Duration of digestive system problems: Number of units,715 - 716,2,
AHS.323_02.000 RECODE,,AHCL24T,ALUNIT24,Duration of digestive system problems: Time unit,717,1,
AHS.323_02.000,R01RECODE,,ALDURA24,"Duration (in years) of digestive system problems, recode 1",718 - 719,2,
AHS.323_02.000,R02RECODE,,ALDURB24,"Duration of digestive system problems, recode 2",720,1,
AHS.323_02.000,R03RECODE,,ALCHRC24,Digestive system problems condition status recode,721,1,
AHS.324_01.000 RECODE,,AHCL25N,ALTIME25,Duration of genitourinary system problem: Number of units,722 - 723,2,
AHS.324_02.000 RECODE,,AHCL25T,ALUNIT25,Duration of genitourinary system problem: Time unit,724,1,
AHS.324_02.000,R01RECODE,,ALDURA25,"Duration (in years) of genitourinary system problem, recode 1",725 - 726,2,
AHS.324_02.000,R02RECODE,,ALDURB25,"Duration of genitourinary system problem, recode 2",727,1,
AHS.324_02.000,R03RECODE,,ALCHRC25,Genitourinary system problem condition status recode,728,1,
AHS.325_01.000 RECODE,,AHCL26N,ALTIME26,Duration of skin/subcutaneous system problems: Number of units,729 - 730,2,
AHS.325_02.000 RECODE,,AHCL26T,ALUNIT26,Duration of skin/subcutaneous system problems: Time unit,731,1,
AHS.325_02.000,R01RECODE,,ALDURA26,"Duration (in years) of skin/subcutaneous system problems, recode 1",732 - 733,2,
AHS.325_02.000,R02RECODE,,ALDURB26,"Duration of skin/subcutaneous system problems, recode 2",734,1,
AHS.325_02.000,R03RECODE,,ALCHRC26,Skin/subcutaneous system problems condition status recode,735,1,
AHS.326_01.000 RECODE,,AHCL27N,ALTIME27,Duration of blood or blood-forming organ problem: Number of units,736 - 737,2,
AHS.326_02.000 RECODE,,AHCL27T,ALUNIT27,Duration of blood or blood-forming organ problem: Time unit,738,1,
AHS.326_02.000,R01RECODE,,ALDURA27,"Duration (in years) of blood or blood-forming organ problem, recode 1",739 - 740,2,
AHS.326_02.000,R02RECODE,,ALDURB27,"Duration of blood or blood-forming organ problem, recode 2",741,1,
AHS.326_02.000,R03RECODE,,ALCHRC27,Blood or blood-forming organ problem condition status recode,742,1,
AHS.327_01.000 RECODE,,AHCL28N,ALTIME28,Duration of benign tumor/cyst: Number of units,743 - 744,2,
AHS.327_02.000 RECODE,,AHCL28T,ALUNIT28,Duration of benign tumor/cyst: Time unit,745,1,
AHS.327_02.000,R01RECODE,,ALDURA28,"Duration (in years) of benign tumor/cyst, recode 1",746 - 747,2,
AHS.327_02.000,R02RECODE,,ALDURB28,"Duration of benign tumor/cyst, recode 2",748,1,
AHS.327_02.000,R03RECODE,,ALCHRC28,Benign tumor/cyst condition status recode,749,1,
AHS.328_01.000 RECODE,,AHCL29N,ALTIME29,Duration of alcohol /drug/substance abuse problem: Number of units,750 - 751,2,
AHS.328_02.000 RECODE,,AHCL29T,ALUNIT29,Duration of alcohol/drug/substance abuse problem: Time unit,752,1,
AHS.328_02.000,R01RECODE,,ALDURA29,"Duration (in years) of alcohol/drug/substance abuse problem, recode 1",753 - 754,2,
AHS.328_02.000,R02RECODE,,ALDURB29,"Duration of alcohol/drug/substance abuse problem, recode 2",755,1,
AHS.328_02.000,R03RECODE,,ALCHRC29,Alcohol /drug/substance abuse problem condition status recode,756,1,
AHS.329_01.000 RECODE,,AHCL30N,ALTIME30,Duration of other mental problem/ADD/Bipolar/Schizophrenia: Number of units,757 - 758,2,
AHS.329_02.000 RECODE,,AHCL30T,ALUNIT30,Duration of other mental problem/ADD/Bipolar/Schizophrenia: Time unit,759,1,
AHS.329_02.000,R01RECODE,,ALDURA30,"Duration (in years) of other mental problem/ADD/Bipolar/Schizophrenia, recode 1",760 - 761,2,
AHS.329_02.000,R02RECODE,,ALDURB30,"Duration of other mental problem/ADD/Bipolar/Schizophrenia, recode 2",762,1,
AHS.329_02.000,R03RECODE,,ALCHRC30,Other mental problem/ADD/Bipolar/Schizophrenia condition status recode,763,1,
AHS.330_01.000 RECODE,,AHCL31N,ALTIME31,Duration of surgical after-effects/medical treatment problems: Number of units,764 - 765,2,
AHS.330_02.000 RECODE,,AHCL31T,ALUNIT31,Duration of surgical after-effects/medical treatment problems: Time unit,766,1,
AHS.330_02.000,R01RECODE,,ALDURA31,"Duration (in years) of surgical after-effects/medical treatment problems, recode 1",767 - 768,2,
AHS.330_02.000,R02RECODE,,ALDURB31,"Duration of surgical after-effects/medical treatment problems, recode 2",769,1,
AHS.330_02.000,R03RECODE,,ALCHRC31,Surgical after-effects/medical treatment problems condition status recode,770,1,
AHS.331_01.000 RECODE,,AHCL32N,ALTIME32,"Duration of ""old age""/elderly/aging-related problems: Number of units",771 - 772,2,
AHS.331_02.000 RECODE,,AHCL32T,ALUNIT32,"Duration of ""old age""/elderly/aging-related problems: Time unit",773,1,
AHS.331_02.000,R01RECODE,,ALDURA32,"Duration (in years) of ""old age""/elderly/aging-related problems, recode 1",774 - 775,2,
AHS.331_02.000,R02RECODE,,ALDURB32,"Duration of ""old age""/elderly/aging-related problems, recode 2",776,1,
AHS.331_02.000,R03RECODE,,ALCHRC32,"""Old age""/elderly/aging-related problems condition status recode",777,1,
AHS.332_01.000 RECODE,,AHCL33N,ALTIME33,Duration of fatigue/tiredness/weakness problem: Number of units,778 - 779,2,
AHS.332_02.000 RECODE,,AHCL33T,ALUNIT33,Duration of fatigue/tiredness/weakness problem: Time unit,780,1,
AHS.332_02.000,R01RECODE,,ALDURA33,"Duration (in years) of fatigue/tiredness/weakness problem, recode 1",781 - 782,2,
AHS.332_02.000,R02RECODE,,ALDURB33,"Duration of fatigue/tiredness/weakness problem, recode 2",783,1,
AHS.332_02.000,R03RECODE,,ALCHRC33,Fatigue/tiredness/weakness problem condition status recode,784,1,
AHS.333_01.000 RECODE,,AHCL34N,ALTIME34,Duration of pregnancy-related problem: Number of units,785 - 786,2,
AHS.333_02.000 RECODE,,AHCL34T,ALUNIT34,Duration of pregnancy-related problem: Time unit,787,1,
AHS.333_02.000,R01RECODE,,ALDURA34,"Duration (in years) of pregnancy-related problem, recode 1",788 - 789,2,
AHS.333_02.000,R02RECODE,,ALDURB34,"Duration of pregnancy-related problem, recode 2",790,1,
AHS.333_02.000,R03RECODE,,ALCHRC34,Pregnancy-related condition status recode,791,1,
AHS.335_01.000,,AHCL90N,ALTIME90,Duration of other impairment/problem N.E.C. (1): Number of units,792 - 793,2,
AHS.335_02.000,,AHCL90T,ALUNIT90,Duration of other impairment/problem N.E.C. (1): Time unit,794,1,
AHS.335_02.000,R01RECODE,,ALDURA90,"Duration (in years) of other impairment/problem N.E.C. (1), recode 1",795 - 796,2,
AHS.335_02.000,R02RECODE,,ALDURB90,"Duration of other impairment/problem N.E.C. (1), recode 2",797,1,
AHS.335_02.000,R03RECODE,,ALCHRC90,Other impairment/problem N.E.C. (1) condition status recode,798,1,
AHS.336_01.000,,AHCL91N,ALTIME91,Duration of other impairment/problem N.E.C. (2): Number of units,799 - 800,2,
AHS.336_02.000,,AHCL91T,ALUNIT91,Duration of other impairment/problem N.E.C. (2): Time unit,801,1,
AHS.336_02.000,R01RECODE,,ALDURA91,"Duration (in years) of other impairment/ problem N.E.C. (2), recode 1",802 - 803,2,
AHS.336_02.000,R02RECODE,,ALDURB91,"Duration of other impairment/problem N.E.C. (2), recode 2",804,1,
AHS.336_02.000,R03RECODE,,ALCHRC91,Other impairment/problem N.E.C. (2) condition status recode,805,1,
AHS.336_02.000,R04RECODE,,ALCNDRT,Chronic condition recode for individual with functional limitation,806,1,
AHS.336_02.000,R05RECODE,,ALCHRONR,Overall functional limitation recode by condition status,807,1,
AHB.010_00.000,,SMKEV,SMKEV,Ever smoked 100 cigarettes,808,1,
AHB.020_00.000,,SMKREG,SMKREG,Age first smoked fairly regularly,809 - 810,2,
AHB.030_00.000,,SMKNOW,SMKNOW,Smoke freq: everyday/some days/not at all,811,1,
AHB.030_00.000,R01RECODE,,SMKSTAT2,Smoking Status: Recode,812,1,
AHB.040_01.000,,SMKQTNO,SMKQTNO,Time since quit: # of units,813 - 814,2,
AHB.040_02.000,,SMKQTTP,SMKQTTP,Time since quit: time period,815,1,
AHB.040_02.000,R01RECODE,,SMKQTY,Time since quit smoking (in years),816 - 817,2,
AHB.050_00.000,,CIGSDA1,CIGSDA1,Number cigs per day (daily smokers),818 - 819,2,
AHB.060_00.000,,CIGDAMO,CIGDAMO,Number days smoked in past 30 days,820 - 821,2,
AHB.070_00.000,,CIGSDA2,CIGSDA2,Number cigs per day (some day smokers),822 - 823,2,
AHB.070_00.000,R01RECODE,,CIGSDAY,Number of cigarettes a day (all current smokers),824 - 825,2,
AHB.080_00.000,,CIGQTYR,CIGQTYR,"Tried quit smoking 1+ days, past 12 m",826,1,
AHB.085_00.010,,OTHCIGEV,OTHCIGEV,"Ever smoked tobacco products, OTHER than cigarettes",827,1,
AHB.085_00.020,,OTHCIGED,OTHCIGED,Smoke freq: everyday/some days/rarely/not at all (other than cigarettes),828,1,
AHB.085_00.030,,SMKLESEV,SMKLESEV,Ever used smokeless tobacco products,829,1,
AHB.085_00.040,,SMKLESED,SMKLESED,Smokeless tobacco freq: everyday/some days/rarely/not at all,830,1,
AHB.085_00.050,,TOBLASYR,TOBLASYR,"Using any tobacco product, around this time last year",831,1,
AHB.085_00.060,,TOBQTYR,TOBQTYR,"Tried quit all tobacco products 1+ days, past 12 m",832,1,
AHB.090_01.000,,VIGNO,VIGNO,Freq vigorous activity: # of units,833 - 835,3,
AHB.090_02.000,,VIGTP,VIGTP,Freq vigorous activity: Time units,836,1,
AHB.090_02.000,R01RECODE,,VIGFREQW,Freq vigorous activity (times per wk),837 - 838,2,
AHB.100_01.000,,VIGLNGNO,VIGLNGNO,Duration vigorous activity: # units,839 - 841,3,
AHB.100_02.000,,VIGLNGTP,VIGLNGTP,Duration vigorous activity: Time unit,842,1,
AHB.100_02.000,R01RECODE,,VIGMIN,Duration vigorous activity (in minutes),843 - 845,3,
AHB.110_01.000,,MODNO,MODNO,Freq moderate activity: # of units,846 - 848,3,
AHB.110_02.000,,MODTP,MODTP,Freq moderate activity: Time units,849,1,
AHB.110_02.000,R01RECODE,,MODFREQW,Freq light/moderate activity (times per wk),850 - 851,2,
AHB.120_01.000,,MODLNGNO,MODLNGNO,Duration moderate activity: # of units,852 - 854,3,
AHB.120_02.000,,MODLNGTP,MODLNGTP,Duration moderate activity: Time unit,855,1,
AHB.120_02.000,R01RECODE,,MODMIN,Duration light/moderate activity (in minutes),856 - 858,3,
AHB.130_01.000,,STRNGNO,STRNGNO,Strength activity freq: # of units,859 - 861,3,
AHB.130_02.000,,STRNGTP,STRNGTP,Strength activity freq: Time units,862,1,
AHB.130_02.000,R01RECODE,,STRFREQW,Freq strength activity (times per wk),863 - 864,2,
AHB.140_00.000,,ALC1YR,ALC1YR,Ever had 12+ drinks in any one year,865,1,
AHB.150_00.000,,ALCLIFE,ALCLIFE,Had 12+ drinks in ENTIRE LIFE,866,1,
AHB.160_01.000,,ALC12MNO,ALC12MNO,Freq drank alcohol pst yr: # of units,867 - 869,3,
AHB.160_02.000,,ALC12MTP,ALC12MTP,Freq drank alcohol pst yr: Time unit,870,1,
AHB.160_02.000,R01RECODE,,ALC12MWK,Freq drank alcohol: Days per week,871 - 872,2,
AHB.160_02.000,R02RECODE,,ALC12MYR,Freq drank alcohol: Days in past year,873 - 875,3,
AHB.170_00.000,,ALCAMT,ALCAMT,Average # drinks on days drank,876 - 877,2,
AHB.170_00.000,R01RECODE,,ALCSTAT,Alcohol drinking status: Recode,878 - 879,2,
AHB.180_01.000,,ALC5UPNO,ALC5UPNO,"Days 5+ drinks, past yr: # days",880 - 882,3,
AHB.180_02.000,,ALC5UPTP,ALC5UPTP,"Days 5+ drinks, past yr: Time unit",883,1,
AHB.180_02.000,R01RECODE,,ALC5UPYR,Number of days had 5+ drinks past year,884 - 886,3,
AHB.190_04.000,R03RECODE,,AHEIGHT,Total height in inches,887 - 888,2,
AHB.200_02.000,R03RECODE,,AWEIGHTP,Weight without shoes (pounds),889 - 891,3,
AHB.200_02.000,R04RECODE,,BMI,Body Mass Index (BMI),892 - 895,4,
AHB.210_00.000,,SLEEP,SLEEP,Hours of sleep,896 - 897,2,
AAU.020_00.000,,AUSUALPL,AUSUALPL,Place USUALLY go when sick,898,1,
AAU.030_00.000,,APLKIND,APLKIND,Place to go when sick (most often),899,1,
AAU.035_00.000,,AHCPLROU,AHCPLROU,USUALLY go there for routine/preventive care,900,1,
AAU.037_00.000,,AHCPLKND,AHCPLKND,Place USUALLY go for routine/preventive care,901,1,
AAU.040_00.000,,AHCCHGYR,AHCCHGYR,"Change health care place, past 12 m",902,1,
AAU.050_00.000,,AHCCHGHI,AHCCHGHI,Change related to health insurance,903,1,
AAU.050_01.010,,ANOUSLPL1-ANOUSLPL9,ANOUSPL1,Doesn't need doctor/haven't had problems,904,1,
AAU.050_02.010,,ANOUSLPL1-ANOUSLPL9,ANOUSPL2,Doesn't like/trust/believe in doctors,905,1,
AAU.050_03.010,,ANOUSLPL1-ANOUSLPL9,ANOUSPL3,Doesn't know where to go,906,1,
AAU.050_04.010,,ANOUSLPL1-ANOUSLPL9,ANOUSPL4,Previous doctor is not available/moved,907,1,
AAU.050_05.010,,ANOUSLPL1-ANOUSLPL9,ANOUSPL5,Too expensive/no insurance/cost,908,1,
AAU.050_06.010,,ANOUSLPL1-ANOUSLPL9,ANOUSPL6,Speak a different language,909,1,
AAU.050_07.010,,ANOUSLPL1-ANOUSLPL9,ANOUSPL7,No care available/too far away/not convenient,910,1,
AAU.050_08.010,,ANOUSLPL1-ANOUSLPL9,ANOUSPL8,Put if off/didn't get around to it,911,1,
AAU.050_09.010,,ANOUSLPL1-ANOUSLPL9,ANOUSPL9,Other reason no usual place of care,912,1,
AAU.051_00.010,,APRVTRYR,APRVTRYR,"Trouble finding a doctor/provider, past 12 m",913,1,
AAU.053_00.010,,APRVTRFD,APRVTRFD,"Able to find doctor/provider, past 12 m",914,1,
AAU.057_00.010,,ADRNANP,ADRNANP,"Doctor's office not accept you as new patient, past 12 m",915,1,
AAU.059_00.010,,ADRNAI,ADRNAI,"Doctor's office not accept your health insurance, past 12 m",916,1,
AAU.061_01.000,,AHCDLY_1,AHCDLYR1,"Couldn't get through on phone, past 12 m",917,1,
AAU.061_02.000,,AHCDLY_2,AHCDLYR2,"Couldn't get appointment soon enough, past 12 m",918,1,
AAU.061_03.000,,AHCDLY_3,AHCDLYR3,"Wait too long in doctor's office, past 12 m",919,1,
AAU.061_04.000,,AHCDLY_4,AHCDLYR4,"Not open when you could go, past 12 m",920,1,
AAU.061_05.000,,AHCDLY_5,AHCDLYR5,"No transportation, past 12 m",921,1,
AAU.111_01.000,,AHCAFY_1,AHCAFYR1,"Couldn't afford prescription medicine, past 12 m",922,1,
AAU.111_02.000,,AHCAFY_2,AHCAFYR2,"Couldn't afford mental health care/counseling, past 12 m",923,1,
AAU.111_03.000,,AHCAFY_3,AHCAFYR3,"Couldn't afford dental care, past 12 m",924,1,
AAU.111_04.000,,AHCAFY_4,AHCAFYR4,"Couldn't afford eyeglasses, past 12 m",925,1,
AAU.111_05.010,,AHCAFY_5,AHCAFYR5,"Couldn't afford to see a specialist, past 12 m",926,1,
AAU.111_06.010,,AHCAFY_6,AHCAFYR6,"Couldn't afford follow-up care, past 12 m",927,1,
AAU.113_00.010,,AWORPAY,AWORPAY,"Get sick or have accident, worried about paying medical bills",928,1,
AAU.113_00.020,,AHICOMP,AHICOMP,Health insurance coverage compared to a year ago,929,1,
AAU.127_01.010,,ARXPR_1,ARXPR_1,"Skipped medication doses to save money, past 12 m",930,1,
AAU.127_02.010,,ARXPR_2,ARXPR_2,"Took less medicine to save money, past 12 m",931,1,
AAU.127_03.010,,ARXPR_3,ARXPR_3,"Delayed filling a prescription to save money, past 12 m",932,1,
AAU.127_04.010,,ARXPR_4,ARXPR_4,"Asked doctor for lower cost medication to save money, past 12 m",933,1,
AAU.127_05.010,,ARXPR_5,ARXPR_5,"Bought prescription drugs from another country to save money, past 12 m",934,1,
AAU.127_06.010,,ARXPR_6,ARXPR_6,"Used alternative therapies to save money, past 12 m",935,1,
AAU.135_00.000,,ADENLONG,ADNLONG2,Time since last saw a dentist,936,1,
AAU.141_01.000,,AHCSY1_1,AHCSYR1,"Seen/talked to mental health professional, past 12 m",937,1,
AAU.141_02.000,,AHCSY1_2,AHCSYR2,"Seen/talked to eye doctor, past 12 m",938,1,
AAU.141_03.000,,AHCSY1_3,AHCSYR3,"Seen/talked to foot doctor, past 12 m",939,1,
AAU.141_04.000,,AHCSY1_4,AHCSYR4,"Seen/talked to a chiropractor, past 12 m",940,1,
AAU.141_05.000,,AHCSY1_5,AHCSYR5,"Seen/talked to therapist (PT/OT/etc.), past 12 m",941,1,
AAU.141_06.000,,AHCSY1_6,AHCSYR6,"Seen/talked to a NP/PA/midwife, past 12 m",942,1,
AAU.200_00.000,,AHCSYR7,AHCSYR7,"Seen/talked to OB/GYN, past 12 m",943,1,
AAU.211_01.000,,AHCSY8_8,AHCSYR8,"Seen/talked to a medical specialist, past 12 m",944,1,
AAU.211_02.000,,AHCSY8_9,AHCSYR9,"Seen/talked to a general doctor, past 12 m",945,1,
AAU.230_00.000,,AHCSYR10,AHCSYR10,Doctor treats both kids and adults,946,1,
AAU.240_00.000,,AHERNOYR,AHERNOY2,"# times in ER/ED, past 12 m",947 - 948,2,
AAU.243_00.010,,AERVISND,AERVISND,ER visit at night or on weekend,949,1,
AAU.245_00.010,,AERHOS,AERHOS,ER visit resulted in hospital admission,950,1,
AAU.248_01.010,,AERREAS1,AERREAS1,ER visit because didn't have another place to go,951,1,
AAU.248_02.020,,AERREAS2,AERREAS2,ER visit because doctors office or clinic was not open,952,1,
AAU.248_03.030,,AERREAS3,AERREAS3,ER visit because advised by health provider to go,953,1,
AAU.248_04.040,,AERREAS4,AERREAS4,ER visit because problem too serious for doctor's office/clinic,954,1,
AAU.248_05.050,,AERREAS5,AERREAS5,ER visit because only hospital could help,955,1,
AAU.248_06.060,,AERREAS6,AERREAS6,ER visit because it is closest provider,956,1,
AAU.248_07.070,,AERREAS7,AERREAS7,ER visit because it is usual place to get care,957,1,
AAU.248_08.080,,AERREAS8,AERREAS8,Arrived at ER by ambulance/other emergency vehicle,958,1,
AAU.248_01.010,,AERREAS1,AERREA1R,ER visit because didn't have another place to go,959,1,
AAU.248_02.020,,AERREAS2,AERREA2R,ER visit because doctors office or clinic was not open,960,1,
AAU.248_03.030,,AERREAS3,AERREA3R,ER visit because advised by health provider to go,961,1,
AAU.248_04.040,,AERREAS4,AERREA4R,ER visit because problem too serious for doctor's office/clinic,962,1,
AAU.248_05.050,,AERREAS5,AERREA5R,ER visit because only hospital could help,963,1,
AAU.248_06.060,,AERREAS6,AERREA6R,ER visit because it is closest provider,964,1,
AAU.248_07.070,,AERREAS7,AERREA7R,ER visit because it is usual place to get care,965,1,
AAU.248_08.080,,AERREAS8,AERREA8R,Arrived at ER by ambulance/other emergency vehicle,966,1,
AAU.250_00.000,,AHCHYR,AHCHYR,"Received home care from health professional, past 12 m",967,1,
AAU.260_00.000,,AHCHMOYR,AHCHMOYR,"# months of home care, past 12 m",968 - 969,2,
AAU.270_00.000,,AHCHNOYR,AHCHNOY2,Total number of home visits,970 - 971,2,
AAU.280_00.000,,AHCNOYR,AHCNOYR2,"Total number of office visits, past 12 m",972 - 973,2,
AAU.290_00.000,,ASRGYR,ASRGYR,"Surgery/surgical procedure, past 12 m",974,1,
AAU.300_00.000,,ASRGNOYR,ASRGNOYR,"# of surgeries, past 12 m",975 - 976,2,
AAU.305_00.000,,AMDLONG,AMDLONGR,Time since last seen/talked to health professional,977,1,
AAU.306_00.010,,AVISLAST,AVISLAST,Place of last medical visit,978,1,
AAU.306_00.021,,ALASTTYP1-ALASTTYP4,ALASTYP1,General doctor seen on last visit,979,1,
AAU.306_00.022,,ALASTTYP1-ALASTTYP4,ALASTYP2,Specialist seen on last visit,980,1,
AAU.306_00.023,,ALASTTYP1-ALASTTYP4,ALASTYP3,Nurse practitioner/physician assistant seen on last visit,981,1,
AAU.306_00.024,,ALASTTYP1-ALASTTYP4,ALASTYP4,Other health provider seen on last visit,982,1,
AAU.306_00.025,R01RECODE,,ALASTVRB,Other Health professional seen (verbatim),983 - 997,15,
AAU.307_01.010,,AVISAPTN,AVISAPN2,Appointment wait time-number,998 - 999,2,
AAU.307_02.020,,AVISAPTT,AVISAPT2,Appointment wait time-time period,1000,1,
AAU.308_01.010,,AWAITRMN,AWAITRMN,Time in waiting room-number,1001 1002,2,
AAU.308_02.020,,AWAITRMT,AWAITRMT,Time in waiting room-time period,1003,1,
AAU.309_00.010,,HIT1A,HIT1A,"Looked up health information on Internet, past 12 m",1004,1,
AAU.309_00.020,,HIT2A,HIT2A,"Filled a prescription on Internet, past 12 m",1005,1,
AAU.309_00.030,,HIT3A,HIT3A,"Scheduled medical appointment on Internet, past 12 m",1006,1,
AAU.309_00.040,,HIT4A,HIT4A,"Communicated with health care provider by email, past 12 m",1007,1,
AAU.309_00.050,,HIT5A,HIT5A,"Used chat groups to learn about health topics, past 12 m",1008,1,
AAU.310_00.000,,SHTFLUYR,SHTFLU2,Flu shot past 12 m,1009,1,
AAU.312_01.000,,ASHFLU_M,ASHFLUM2,Month of most recent flu shot,1010 1011,2,
AAU.312_02.000,,ASHFLU_Y,ASHFLUY2,Year of most recent flu shot,1012 1015,4,
AAU.313_00.000,,FLUSHPG1,FLUSHPG1,"Flu shot before/during your current pregnancy, interviewed Jan-Mar or AugDec, 2012",1016,1,
AAU.314_00.000,,FLUSHPG2,FLUSHPG2,Flu shot before/during/after a pregnancy,1017,1,
AAU.315_00.000,,SPRFLUYR,SPRFLU2,Flu nasal spray past 12 m,1018,1,
AAU.318_01.000,,ASPFLU_M,ASPFLUM2,Month of most recent flu nasal spray,1019 -1020,2,
AAU.318_02.000,,ASPFLU_Y,ASPFLUY2,Year of most recent flu nasal spray,1021-1024,4,
AAU.320_00.000,,SHTPNUYR,SHTPNUYR,Pneumonia shot (EVER),1025,1,
AAU.330_00.000,,APOX,APOX,Ever had chickenpox,1026,1,
AAU.340_00.000,,APOX12MO,APOX12MO,"Chickenpox, past 12 m",1027,1,
AAU.350_00.000,,AHEP,AHEP,Ever had hepatitis,1028,1,
AAU.360_00.000,,AHEPLIV,AHEPLIV,Ever lived w/ someone w/ hepatitis,1029,1,
AAU.370_00.000,,SHTHEPB,SHTHEPB,Hepatitis B vaccine (EVER),1030,1,
AAU.380_00.000,,SHEPDOS,SHEPDOS,# doses of hepatitis B vaccine received,1031,1,
AAU.390_00.010,,SHTHEPA,SHTHEPA,Hepatitis A vaccine (EVER),1032,1,
AAU.400_00.010,,SHEPANUM,SHEPANUM,# shots of hepatitis A vaccine received,1033 -1034,2,
AAU.410_00.010,,SHINGLES,SHINGLES,Ever had the Zoster or Shingles vaccine,1035,1,
AAU.420_00.010,,SHTTD,SHTTD,Tetanus shot in the past 10 years,1036,1,
AAU.430_00.010,,SHTTD05,SHTTD05,Tetanus shot given in 2005 or later,1037,1,
AAU.440_00.010,,SHTTDAP,SHTTDAP2,Vaccine included pertussis/whooping cough,1038,1,
AAU.442_00.010,,HPVHRD,HPVHRD,Ever heard of HPV,1039,1,
AAU.444_00.010,,SHHPVHD1,SHHPVHD1,Ever heard of HPV vaccines or shots,1040,1,
AAU.446_00.010,,SHTHPV1,SHTHPV1,Ever received HPV shot/vaccine,1041,1,
AAU.448_00.010,,SHHPVDOS,SHHPVDOS,Number of HPV shots received,1042 -1043,2,
AAU.450_00.010,,LIVEV,LIVEV,Ever told you had any kind of chronic/long-term liver condition,1044,1,
AAU.460_00.010,,TRAVEL,TRAVEL,"Ever traveled outside USA since 1995 (Excluding Europe, Japan, Australia, New Zealand, and Canada)",1045,1,
AAU.465_00.010,,WRKHLTH,WRKHLTH2,Work or volunteer in a health care setting,1046,1,
AAU.470_00.010,,WRKDIR,WRKDIR,Direct contact with patients,1047,1,
AAU.500_00.010,,APSBPCHK,APSBPCHK,"Blood pressure checked by doctor/nurse/health professional, past 12 m",1048,1,
AAU.510_00.010,,APSCHCHK,APSCHCHK,"Cholesterol checked by doctor/nurse/health professional, past 12 m",1049,1,
AAU.520_00.010,,APSBSCHK,APSBSCHK,"Fasting test for high blood sugar/diabetes, past 12 m",1050,1,
AAU.530_00.010,,APSPAP,APSPAP,"Pap smear/test, past 12 m",1051,1,
AAU.540_00.010,,APSMAM,APSMAM,"Mammogram, past 12 m",1052,1,
AAU.550_00.010,,APSCOL,APSCOL,"Test for colon cancer, past 12 m",1053,1,
AAU.560_00.010,,APSDIET,APSDIET,"Doctor/health professional talked to you about diet, past 12 m",1054,1,
AAU.570_00.010,,APSSMKC,APSSMKC,"Doctor/health professional talked to you about smoking, past 12 m",1055,1,
AAU.580_00.010,,LTCFAM,LTCFAM,Have family member who needed ADL help for 1+ yrs,1056,1,
AAU.582_00.010,,LTCHELP,LTCHELP,How likely you will need ADL help,1057,1,
AAU.584_01.010,,LTCWHO1-LTCWHO5,LTCWHO1,Family would provide ADL help,1058,1,
AAU.584_02.010,,LTCWHO1-LTCWHO5,LTCWHO2,Hire someone to provide ADL help,1059,1,
AAU.584_03.010,,LTCWHO1-LTCWHO5,LTCWHO3,Home health care organization would provide ADL help,1060,1,
AAU.584_04.010,,LTCWHO1-LTCWHO5,LTCWHO4,Nursing home/assisted living would provide ADL help,1061,1,
AAU.584_05.010,,LTCWHO1-LTCWHO5,LTCWHO5,Other would provide ADL help,1062,1,
AAU.600_00.010,,AINDINS,AINDINS,"Tried to purchase health insurance directly, past 3 yrs",1063,1,
AAU.600_00.020,,AINDPRCH,AINDPRCH,"Purchased health insurance directly, past 3 yrs",1064,1,
AAU.600_00.030,,AINDWHO,AINDWHO,"For whom was health insurance purchased, past 3 yrs",1065,1,
AAU.600_00.040,,AINDDIF1,AINDDIF1,"How difficult to find health insurance for coverage needed, past 3 yrs",1066,1,
AAU.600_00.050,,AINDDIF2,AINDDIF2,"How difficult to find affordable health insurance, past 3 yrs",1067,1,
AAU.600_01.060,,AINDENY1,AINDENY1,"Turned down for coverage, past 3 yrs",1068,1,
AAU.600_02.060,,AINDENY2,AINDENY2,"Charged higher price for coverage because of health, past 3 yrs",1069,1,
AAU.600_03.060,,AINDENY3,AINDENY3,"Specific health problem excluded from coverage, past 3 yrs",1070,1,
AAU.601_01.070,,AINDNOT1-AINDNOT5,AINDNOT1,"Didn’t buy plan because turned down, past 3 yrs",1071,1,
AAU.601_02.070,,AINDNOT1-AINDNOT5,AINDNOT2,"Didn’t buy plan because of cost, past 3 yrs",1072,1,
AAU.601_03.070,,AINDNOT1-AINDNOT5,AINDNOT3,"Didn’t buy plan because of pre-existing condition, past 3 yrs",1073,1,
AAU.601_04.070,,AINDNOT1-AINDNOT5,AINDNOT4,"Didn’t buy plan because got health insurance from other source, past 3 yrs",1074,1,
AAU.601_05.070,,AINDNOT1-AINDNOT5,AINDNOT5,"Other reason didn't buy plan, past 3 yrs",1075,1,
AAU.700_00.000,,HIVTST1,HIVTST1,Ever been tested for HIV,1076,1,
AWB.010_00.000,,AWEBUSE,AWEBUSE,Internet use,1077,1,
AWB.020_01.000,,AWEBOFNO,AWEBOFNO,Frequency internet use: # of units,1078 -1080,3,
AWB.020_02.000,,AWEBOFTP,AWEBOFTP,Frequency internet use: Time units,1081,1,
AWB.030_00.000,,AWEBEML,AWEBEML,Email use,1082,1,
AWB.050_01.000,,AWEBMNO,AWEBMNO,Frequency email use: # of units,1083 -1085,3,
AWB.050_02.000,,AWEBMTP,AWEBMTP,Frequency email use: Time units,1086,1,
,,,,,,,
